OSMNumber,series,activity,canonical
OSM-S-380,4,0.11,FC(F)Oc1ccc(-c2nnc3cncc(CN4Cc5ccccc5C4)n23)cc1
OSM-S-201,4,4.730333333333333,Cc1c(Cl)cccc1NC(=O)c1cncc2nnc(-c3ccc(OC(F)F)cc3)n12
OSM-S-202,4,0.211,O=C(Nc1cccc(Cl)c1)c1cncc2nnc(-c3ccc(OC(F)F)cc3)n12
OSM-S-189,4,0.309,N#Cc1ccc(-c2nnc3cncc(OCCc4ccccc4Cl)n23)cc1
OSM-S-366,4,0.39155,Fc1ccc(CCOc2cncc3nnc(-c4ccc(C(F)(F)F)nc4)n23)cc1F
OSM-S-206,4,0.309,O=C(Nc1cc(C(F)(F)F)cc(C(F)(F)F)c1)c1cncc2nnc(-c3ccc(OC(F)F)cc3)n12
OSM-S-410,4,5.0,O=C(Nc1ccc(Cl)cc1)c1c[nH]c(=O)c2nnc(-c3ccc(OC(F)F)cc3)n12
OSM-S-411,4,2.07,O=C(Nc1cc[n+]([O-])c(C(F)(F)F)c1)c1cncc2nnc(-c3ccc(OC(F)F)cc3)n12
OSM-S-412,4,4.12,OCC(COc1cncc2nnc(-c3ccc(OC(F)F)cc3)n12)c1ccc(O)cc1
OSM-S-391,4,0.35,IC(C=C1)=CC=C1C2=NN=C3C=NC=C(OCCC4=CC(F)=C(F)C=C4)N32
OSM-S-392,4,0.832,O=C(COc1cncc2nnc(-c3ccc(OC(F)F)cc3)n12)c1ccc(F)c(F)c1
OSM-S-393,4,0.157,COC(COc1cncc2nnc(-c3ccc(OC(F)F)cc3)n12)(OC)c1ccc(F)c(F)c1
OSM-S-394,4,0.48,FS(F)(F)(F)(F)c1ccc(-c2nnc3cncc(OCCc4ccccc4)n23)cc1
OSM-S-395,4,2.15,FC(F)Oc1ccc(-c2nnc3cncc(OCCC45CC6CC(CC(C6)C4)C5)n23)cc1
OSM-S-396,4,0.45,CC(Cc1ccccc1)Oc1cncc2nnc(-c3ccc(OC(F)F)cc3)n12
OSM-S-397,4,4.8,FC(F)Oc1ccc(-c2nnc3cncc(OCC45CC6CC(CC(C6)C4)C5)n23)cc1
OSM-S-398,4,0.486,FC(F)Oc1ccc(-c2nnc3cncc(OCC4CC5C=CC4C5)n23)cc1
OSM-S-399,4,1.28,CC1(C)C2CC=C(CCOc3cncc4nnc(-c5ccc(OC(F)F)cc5)n34)C1C2
OSM-S-400,4,1.37,O=C(COc1cncc2nnc(-c3ccc(OC(F)F)cc3)n12)c1ccccc1
OSM-S-401,4,8.0,Clc1ccc(-c2nnc3cncc(OCC45CC6CC(CC(C6)C4)C5)n23)c(Cl)c1
OSM-S-402,4,2.53,Clc1ccc(-c2nnc3cncc(OCC45CC6CC(CC(C6)C4)C5)n23)cc1
OSM-S-403,4,8.24,CC1(C)C2CC=C(CCOc3cncc4nnc(-c5ccc(Cl)cc5Cl)n34)C1C2
OSM-S-404,4,1.05,CC1(C)C2CC=C(CCOc3cncc4nnc(-c5ccc(Cl)cc5)n34)C1C2
OSM-S-405,4,9.55,Clc1ccc(-c2nnc3cncc(OCC4CC5C=CC4C5)n23)c(Cl)c1
OSM-S-406,4,0.62,Clc1ccc(-c2nnc3cncc(OCC4CC5C=CC4C5)n23)cc1
OSM-S-408,4,10.0,c1ccc(CCOc2cncc3nnc(-c4ccncc4)n23)cc1
OSM-S-407,4,10.0,O=C(Nc1ccncc1)c1cncc2nnc(-c3ccccc3)n12
OSM-S-415,4,2.15,Fc1ccc(CCOc2cncc3nnc(-c4ccccc4)n23)cc1F
OSM-S-409,4,10.0,ON=C(COc1cncc2nnc(-c3ccc(OC(F)F)cc3)n12)c1ccccc1
OSM-S-414,4,0.89,COC(COc1cncc2nnc(-c3ccc(C#N)cc3)n12)c1ccc(F)c(F)c1
OSM-S-413,4,10.0,COC(COc1cncc2nnc(-c3ccc(C#N)cc3)n12)c1ccc(F)c(F)c1
OSM-S-416,4,0.43,COC(COc1cncc2nnc(-c3ccc(C#N)cc3)n12)c1ccc(F)c(F)c1
OSM-S-417,4,10.0,c1ccc(CCOc2nnc3c(N4CCCCC4)nccn23)cc1
OSM-S-418,4,0.05,FC(OC1=CC=C(C2=NN=C3C=NC=C(N32)OCC[C]4[CH]BBBBBBBBBB4)C=C1)F
OSM-S-419,4,1.58,FC(F)Oc1ccc(-c2nnc3cncc(OCC(c4ccccc4)N4CCOCC4)n23)cc1
OSM-S-421,4,10.0,FC(F)Oc1ccc(-c2nnc3cncc(OCCN4CC5(COC5)C4)n23)cc1
OSM-S-420,4,10.0,OCc1ccc(COc2cncc3nnc(-c4ccc(OC(F)F)cc4)n23)cc1
OSM-S-422,4,10.0,FC(F)Oc1ccc(-c2nnc3cncc(OCCC4COC4)n23)cc1
OSM-S-423,4,0.667,Fc1ccc(C2(COc3cncc4nnc(-c5ccc(OC(F)F)cc5)n34)OCCO2)cc1F
OSM-S-424,4,1.9,FC(F)OC(C=C1)=CC=C1C2=NN=C3C=NC=C(OCC/C4=C/BBBBB[BH]5[BH]([H]5)BB4)N32.[Cs+]
OSM-S-430,4,10.0,CCN(CC)C(COc1cncc2nnc(-c3ccc(OC(F)F)cc3)n12)c1ccc(F)c(F)c1
OSM-S-431,4,8.85,CCN(C)C(COc1cncc2nnc(-c3ccc(OC(F)F)cc3)n12)c1ccc(F)c(F)c1
OSM-S-494,4,10.0,NC(=O)c1ccc(-c2nnc3cncc(OCCc4ccc(F)c(F)c4)n23)cc1
OSM-S-495,4,10.0,NC(=O)c1cccc(-c2nnc3cncc(OCCc4ccc(F)c(F)c4)n23)c1
OSM-S-496,4,3.69,CN(C)C(=O)c1ccc(-c2nnc3cncc(OCCc4ccc(F)c(F)c4)n23)cc1
OSM-S-432,4,10.0,Fc1ccc(CCOc2cncc3nnc(Br)n23)cc1F
OSM-S-503,4,10.0,FC(F)(F)c1ncc(OCCc2ccccc2)n2c(-c3ccncc3)nnc12
OSM-S-504,4,10.0,FC(F)Oc1ccc(-c2nnc3c(C(F)(F)F)ncc(OCCc4ccccc4)n23)cc1
OSM-S-505,4,10.0,Oc1ncc(OCCc2ccccc2)n2c(-c3ccc(OC(F)F)cc3)nnc12
OSM-S-510,4,10.0,CN1CCN(C(=O)c2ccc(-c3nnc4cncc(OCCc5ccc(F)c(F)c5)n34)cc2)CC1
OSM-S-506,4,10.0,NS(=O)(=O)c1ccc(-c2nnc3cncc(OCCc4ccc(F)c(F)c4)n23)cc1
OSM-S-507,4,10.0,O=C(c1ccc(-c2nnc3cncc(OCCc4ccc(F)c(F)c4)n23)cc1)N1CCOCC1
OSM-S-508,4,10.0,CN1CCN(C(=O)c2cccc(-c3nnc4cncc(OCCc5ccc(F)c(F)c5)n34)c2)CC1
OSM-S-509,4,10.0,FC(F)Oc1ccc(-c2nnc3c(N4CCOCC4)nccn23)cc1
OSM-S-433,4,1.08,FC(F)Oc1ccc(-c2nnc3cncc(OCCC4C5C6CC7C8C6CC5C8C47)n23)cc1
OSM-S-497,4,10.0,FC(F)Oc1ccc(-c2nnc3cncc(OCCN4CCNCC4)n23)cc1
OSM-S-498,4,10.0,FC(F)Oc1ccc(-c2nnc3cncc(OCCN4CCOCC4)n23)cc1
OSM-S-499,4,10.0,FC(F)Oc1ccc(-c2nnc3cncc(OCCN4CCCCC4)n23)cc1
OSM-S-500,4,10.0,FC(F)Oc1ccc(-c2nnc3cncc(OCCN4CCCC4)n23)cc1
OSM-S-501,4,10.0,CC(C)(C)OC(=O)N1CCN(CCOc2cncc3nnc(-c4ccc(OC(F)F)cc4)n23)CC1
OSM-S-502,4,8.0,OCCc1cn(-c2nccn3c(-c4ccc(OC(F)F)cc4)nnc23)c2ccccc12
OSM-S-328,4,10.0,Oc1nccn2c(-c3ccc(OC(F)F)cc3)nnc12
OSM-S-442,4,3.03,FC(F)Oc1ccc(-c2nnc3cncc(OCCC4CC4)n23)cc1
OSM-S-511,4,9.8,FC(F)Oc1ccc(-c2nnc3cncc(OCC4CC5CC4C4OC54)n23)cc1
OSM-S-512,4,11.0,FC(F)Oc1ccc(-c2nnc3cncc(OCC4CC5CC4C4OC54)n23)cc1
OSM-S-513,4,1.0,OC12C3C4C1C1C2C3C41CCOc1cncc2nnc(-c3ccc(OC(F)F)cc3)n12
OSM-S-514,4,3.3,OC12C3C4C5C3C1(CCOc1cncc3nnc(-c6ccc(OC(F)F)cc6)n13)C5C42
OSM-S-515,4,3.88,O=C(O)C(COc1cncc2nnc(-c3ccc(OC(F)F)cc3)n12)c1ccccc1
OSM-S-517,4,19.0,Fc1ccc(CCOc2cncc3nnc(N4CCOCC4)n23)cc1F
OSM-S-522,4,25.0,CN(C)C(=O)c1cccc(-c2nnc3cncc(OCCc4ccc(F)c(F)c4)n23)c1
OSM-S-523,4,25.0,Fc1ccc(CCOc2cncc3nnc(OCCc4ccc(F)c(F)c4)n23)cc1F
OSM-S-524,4,17.0,Fc1ccc(CCOc2cncc3nnc(-c4ccc(N5CCOCC5)cc4)n23)cc1F
OSM-S-525,4,0.1065,Fc1ccc(CCOc2cncc3nnc(-c4ccc5cc[nH]c5c4)n23)cc1F
OSM-S-526,4,13.0,Nc1ccc(-c2nnc3cncc(OCCc4ccc(F)c(F)c4)n23)cc1
OSM-S-527,4,20.0,Fc1ccc(CCOc2cncc3nnc(-c4ccc(N5CCCCC5)cc4)n23)cc1F
OSM-S-528,4,22.0,Fc1ccc(CCOc2cncc3nnc(-c4ccc(N5CCCC5)cc4)n23)cc1F
OSM-S-529,4,25.0,CC(=O)Nc1ccc(-c2nnc3cncc(OCCc4ccc(F)c(F)c4)n23)cc1
OSM-S-530,4,25.0,CC(=O)Nc1cccc(-c2nnc3cncc(OCCc4ccc(F)c(F)c4)n23)c1
OSM-S-518,4,1.51,Fc1ccc(CCOc2cncc3nnc(N4CCC(F)(F)CC4)n23)cc1F
OSM-S-519,4,8.46,Fc1ccc(CCOc2cncc3nnc(N4CCC(F)CC4)n23)cc1F
OSM-S-520,4,2.75,Fc1ccc(CCOc2cncc3nnc(N4CCC(C(F)(F)F)CC4)n23)cc1F
OSM-S-521,4,25.0,CN1CCN(c2nnc3cncc(OCCc4ccc(F)c(F)c4)n23)CC1
OSM-S-531,4,5.53,CN(C)c1ccc(-c2nnc3cncc(OCCc4ccc(F)c(F)c4)n23)cc1
OSM-S-541,4,,OCC(O)(COc1cncc2nnc(-c3ccc(OC(F)F)cc3)n12)c1ccccc1
OSM-S-532,4,0.059,OCC(COc1cncc2nnc(-c3ccc(OC(F)F)cc3)n12)c1cccc(OCc2ccccc2)c1
OSM-S-533,4,0.382,OCC(COc1cncc2nnc(-c3ccc(OC(F)F)cc3)n12)c1cccc(O)c1
OSM-S-535,4,8.6,CC(C)(C)OC(=O)NC(COc1cncc2nnc(-c3ccc(OC(F)F)cc3)n12)Cc1ccccc1
OSM-S-536,4,17.0,NC(COc1cncc2nnc(-c3ccc(OC(F)F)cc3)n12)Cc1ccccc1
OSM-S-537,4,10.0,CC(C)(C)OC(=O)NC(COc1cncc2nnc(-c3ccc(OC(F)F)cc3)n12)Cc1ccccc1
OSM-S-538,4,2.3,NC(COc1cncc2nnc(-c3ccc(OC(F)F)cc3)n12)Cc1ccccc1
OSM-S-542,4,25.0,Fc1ccc(CCOc2cncc3nnc(-n4cccn4)n23)cc1F
OSM-S-543,4,19.0,Fc1ccc(CCOc2nccn3c(-n4cccn4)nnc23)cc1F
OSM-S-544,4,25.0,Fc1ccc(CCOc2cncc3nnc(Oc4ccc(Cl)cc4)n23)cc1F
OSM-S-545,4,7.0,CN(C)c1cccc(-c2nnc3cncc(OCCc4ccc(F)c(F)c4)n23)c1
OSM-S-546,4,0.434,Fc1ccc(CCOc2cncc3nnc(-c4ccc5cn[nH]c5c4)n23)cc1F
OSM-S-547,4,4.9,Fc1ccc(CCOc2cncc3nnc(-c4cccc5[nH]ccc45)n23)cc1F
OSM-S-548,4,0.045,Nc1cc(-c2nnc3cncc(OCCc4ccc(F)c(F)c4)n23)ccc1Cl
OSM-S-549,4,2.8,Nc1cccc(-c2nnc3cncc(OCCc4ccc(F)c(F)c4)n23)c1
OSM-S-550,4,0.144,CCc1ccc(-c2nnc3cncc(OCCc4ccc(F)c(F)c4)n23)cc1
OSM-S-551,4,25.0,O=C(O)c1ccc(-c2nnc3cncc(OCCc4ccc(F)c(F)c4)n23)cc1
OSM-S-552,4,25.0,O=C(O)c1cccc(-c2nnc3cncc(OCCc4ccc(F)c(F)c4)n23)c1
OSM-S-553,4,0.98,O=[N+]([O-])c1ccc(-c2nnc3cncc(OCCc4ccc(F)c(F)c4)n23)cc1
OSM-S-557,4,0.069,OCC(COc1cncc2nnc(-c3ccc4cc[nH]c4c3)n12)c1ccccc1
OSM-S-486,4,1.15,OCC(COc1cncc2nnc(-c3ccc(OC(F)F)cc3)n12)c1ccc(C(F)(F)F)cc1
OSM-S-554,4,25.0,OC(COc1cncc2nnc(C3CCCNC3)n12)c1ccccc1
OSM-S-555,4,25.0,Fc1ccc(CCOc2cncc3nnc(C4CCCNC4)n23)cc1F
OSM-S-556,4,0.47,OCC(O)(COc1cncc2nnc(-c3ccc(OC(F)F)cc3)n12)c1ccccc1
OSM-S-558,4,25.0,CN(C)c1ccc(C2(COc3cncc4nnc(-c5ccc(OC(F)F)cc5)n34)COC(C)(C)O2)cc1
OSM-S-559,4,0.149,CC1(C)OCC(COc2cncc3nnc(-c4ccc(OC(F)F)cc4)n23)(c2ccc(F)c(F)c2)O1
OSM-S-560,4,0.5545,OCC(O)(COc1cncc2nnc(-c3ccc(OC(F)F)cc3)n12)c1ccc(F)c(F)c1
OSM-S-561,4,25.0,CC(=O)COc1nccn2c(-c3ccc(OC(F)F)cc3)nnc12
OSM-S-562,4,0.337,CC1(C)OCC(COc2cncc3nnc(-c4ccc(OC(F)F)cc4)n23)(c2ccccc2)O1
OSM-S-563,4,20.0,FC(F)Oc1ccc(-c2nnc3c(NCc4ccccc4)nccn23)cc1
OSM-S-565,4,25.0,OCC(COc1cncc2nnc(-c3ccc(OC(F)F)cc3)n12)c1ccccc1OCc1ccccc1
OSM-S-566,4,3.849,FC(F)Oc1ccc(-c2nnc3cncc(OCCc4ccc(OCc5ccccc5)cc4)n23)cc1
OSM-S-567,4,0.147,FC(F)Oc1ccc(-c2nnc3cncc(OCCc4cccc(OCc5ccccc5)c4)n23)cc1
OSM-S-568,4,25.0,CN(C)c1ccc(C(O)(CO)COc2cncc3nnc(-c4ccc(OC(F)F)cc4)n23)cc1
OSM-S-569,4,25.0,FC(F)Oc1ccc(-c2nnc3c(NCCc4ccccc4)nccn23)cc1
OSM-S-581,4,25.0,Fc1ccc(CCOc2cncc3nnc(-n4ccnc4)n23)cc1F
OSM-S-582,4,0.375,Cn1ccc2ccc(-c3nnc4cncc(OCCc5ccc(F)c(F)c5)n34)cc21
OSM-S-583,4,25.0,O=C1Cc2ccc(-c3nnc4cncc(OCCc5ccc(F)c(F)c5)n34)cc2N1
OSM-S-584,4,1.01,Fc1ccc(CCOc2cncc3nnc(-c4ccc5c(c4)NCC5)n23)cc1F
OSM-S-585,4,0.813,Nc1cc(-c2nnc3cncc(OCCc4ccc(F)c(F)c4)n23)ccc1F
OSM-S-570,4,5.62,FC(F)Oc1ccc(-c2nnc3c(SCc4ccccc4)nccn23)cc1
OSM-S-571,4,1.05,FC(F)Oc1ccc(-c2nnc3cncc(SCCc4ccccc4)n23)cc1
OSM-S-572,4,14.5,CC(C)(C)OC(=O)N1CCC(c2nnc3cncc(OCCc4ccccc4)n23)CC1
OSM-S-573,4,25.0,c1ccc(CCOc2cncc3nnc(C4CCOCC4)n23)cc1
OSM-S-574,4,25.0,CC(C)(C)OC(=O)N1CCC(c2nnc3cncc(OCCc4ccccc4)n23)C1
OSM-S-575,4,25.0,c1ccc(CCOc2cncc3nnc(C4CCOC4)n23)cc1
OSM-S-576,4,25.0,c1ccc(CCOc2cncc3nnc(C4CCNCC4)n23)cc1
OSM-S-577,4,25.0,c1ccc(CCOc2cncc3nnc(C4CCNC4)n23)cc1
OSM-S-564,4,0.117,FC(OC1=CC=C(C2=NN=C3C=NC=C(N32)OCC[C]4BB[CH]BBBBBBBB4)C=C1)F
OSM-S-578,4,1.32,FC(F)Oc1ccc(-c2nnc3cncc(OCCCc4ccccc4)n23)cc1
OSM-S-579,4,25.0,FC(F)Oc1ccc(-c2nnc3cncc(Oc4ccccc4)n23)cc1
OSM-S-580,4,1.21,FC(F)Oc1ccc(-c2nnc3cncc(OCCOc4ccccc4)n23)cc1
OSM-S-634,4,,FC(F)Oc1ccc(-c2nnc3cnc(NCCc4ccccc4)cn23)cc1
OSM-S-591,4,25.0,COc1ccc(CCNc2cncc3nnc(-c4ccc(OC(F)F)cc4)n23)cc1OC
OSM-S-589,4,25.0,OC(CNc1cncc2nnc(-c3ccc(OC(F)F)cc3)n12)c1ccccc1
OSM-S-588,4,25.0,OC(CNc1cncc2nnc(-c3ccc(OC(F)F)cc3)n12)c1ccccc1
OSM-S-638,4,25.0,FC(F)Oc1ccc(-c2nnc3cncc(NCc4ccccc4)n23)cc1
OSM-S-631,4,25.0,COc1ccc(-c2nnc(-c3nccn3CCc3ccccc3)[nH]2)cc1
OSM-S-637,4,17.04,Nc1ccc(C(CO)COc2cncc3nnc(-c4ccc(OC(F)F)cc4)n23)cc1
OSM-S-539,4,11.52,CNc1ccc(C(CO)COc2cncc3nnc(-c4ccc(OC(F)F)cc4)n23)cc1
OSM-S-608,4,0.282,FC(F)Oc1ccc(-c2nnc3cncc(OCCc4cccs4)n23)cc1
OSM-S-607,4,0.627,CC(COc1cncc2nnc(-c3ccc(OC(F)F)cc3)n12)c1ccccc1
OSM-S-635,4,25.0,Fc1ccc(CCOc2cncc3nnc(OCc4cccnc4)n23)cc1F
OSM-S-586,4,25.0,Fc1ccc(CCOc2cncc3nnc(-c4ccc5nc[nH]c5c4)n23)cc1F
OSM-S-636,4,25.0,Fc1ccc(CCOc2cncc3nnc(-c4ccc5nc[nH]c5c4)n23)cc1F
OSM-S-623,4,1.827,COc1ccc(-c2nnc3cncc(OCCc4ccccc4)n23)cc1
OSM-S-624,4,1.693,O=[N+]([O-])c1ccc(-c2nnc3cncc(OCCc4ccccc4)n23)cc1
OSM-S-626,4,25.0,COc1ccc(-c2nnc3cncc(SCCc4ccccc4)n23)cc1
OSM-S-609,4,6.132,OCC(CO)(COc1cncc2nnc(-c3ccc(OC(F)F)cc3)n12)c1ccccc1
OSM-S-621,4,8.73,c1ccc(CCOc2nccn3c(-c4ccccc4)nnc23)cc1
OSM-S-622,4,25.0,COc1ccc(-c2nnc3c(OCCc4ccccc4)nccn23)cc1
OSM-S-625,4,25.0,O=[N+]([O-])c1ccc(-c2nnc3c(OCCc4ccccc4)nccn23)cc1
OSM-S-627,4,25.0,COc1ccc(-c2nnc3c(SCCc4ccccc4)nccn23)cc1
OSM-S-628,4,3.082,c1ccc(CCSc2nccn3c(-c4ccccc4)nnc23)cc1
OSM-S-629,4,25.0,O=[N+]([O-])c1ccc(-c2nnc3c(SCCc4ccccc4)nccn23)cc1
OSM-S-630,4,25.0,c1ccc(CCNc2nccn3c(-c4ccccc4)nnc23)cc1
OSM-S-632,4,25.0,COc1ccc(-c2nnc3c(NCCc4ccccc4)nccn23)cc1
OSM-S-633,4,25.0,O=[N+]([O-])c1ccc(-c2nnc3c(NCCc4ccccc4)nccn23)cc1
OSM-S-639,4,25.0,OCC(COc1cncc2nnc(-c3ccc(OC(F)F)cc3)n12)(COc1cncc2nnc(-c3ccc(OC(F)F)cc3)n12)c1ccccc1
OSM-LO-2,4,0.159,OCC(COc1cncc2nnc(-c3ccc(OC(F)F)cc3)n12)c1ccccc1F
OSM-LO-3,4,,OCC(COc1nccn2c(-c3ccc(OC(F)F)cc3)nnc12)c1cccc(F)c1
OSM-LO-4,4,0.304,COc1ccccc1C(CO)COc1cncc2nnc(-c3ccc(OC(F)F)cc3)n12
OSM-LO-5,4,0.124,COc1cccc(C(CO)COc2cncc3nnc(-c4ccc(OC(F)F)cc4)n23)c1
OSM-LO-6,4,0.094,OCC(COc1cncc2nnc(-c3ccc(OC(F)F)cc3)n12)c1cccc(C(F)(F)F)c1
OSM-LO-7,4,0.89,OCC(COc1cncc2nnc(-c3ccc(OC(F)F)cc3)n12)c1c(F)cc(F)cc1F
OSM-LO-8,4,0.19,OCC(COc1cncc2nnc(-c3ccc(OC(F)F)cc3)n12)c1cc(F)c(F)cc1F
OSM-LO-9,4,9.69,OCC(COc1nccn2c(-c3ccc(OC(F)F)cc3)nnc12)c1cc(F)c(F)cc1F
OSM-LO-10,4,0.722,COc1ccc(C(CO)COc2cncc3nnc(-c4ccc(OC(F)F)cc4)n23)cc1
OSM-LO-11,4,25.0,O=C(O)C(COc1cncc2nnc(-c3ccc(OC(F)F)cc3)n12)c1c(F)cc(F)cc1F
OSM-LO-12,4,9.94,COc1ccc(C(COc2cncc3nnc(-c4ccc(OC(F)F)cc4)n23)C(=O)O)cc1
OSM-S-690,4,2.63,FC(F)Oc1ccc(-c2nnc3cncc(OCC45CC(C(F)F)(C4)C5)n23)cc1
OSM-LO-14,4,9.538,OCC(COc1nccn2c(-c3ccc(OC(F)F)cc3)nnc12)c1ccccc1
OSM-LO-1,4,2.0,FC(F)OC(C=C1)=CC=C1C2=NN=C3C=NC=C(OCCC4567[BH]89%10[BH]%11%124[BH]8%13%14[BH]%11%15%16[CH]%13%17%18[BH]%149%19[BH]%105%20[BH]%21%226[BH]%17%15([BH]%22%12%167)[BH]%18%19%20%21)N32
OSM-S-666,4,1.06,Cc1ccc(-c2nnc3cncc(OCCc4ccccc4)n23)cc1
OSM-S-670,4,4.57,COc1ccccc1-c1nnc2cncc(OCCc3ccccc3)n12
OSM-S-668,4,4.23,c1ccc(CCOc2cncc3nnc(-c4ccc5c(c4)CCO5)n23)cc1
OSM-S-669,4,25.0,c1ccc(CCOc2nccn3c(-c4ccc5c(c4)CCO5)nnc23)cc1
OSM-S-672,4,16.17,CCOc1ccccc1-c1nnc2cncc(OCCc3ccccc3)n12
OSM-S-673,4,7.81,CCOc1ccccc1-c1nnc2c(OCCc3ccccc3)nccn12
OSM-S-675,4,25.0,COc1cc(-c2nnc3cncc(OCCc4ccccc4)n23)cc(OC)c1OC
OSM-S-676,4,17.02,COc1cc(-c2nnc3c(OCCc4ccccc4)nccn23)cc(OC)c1OC
OSM-S-651,4,0.367,CC1(C)OCC(COc2cncc3nnc(-c4ccc(OC(F)F)cc4)n23)(c2ccccc2)CO1
OSM-S-662,4,1.71,Fc1ccc(CCOc2cncc3nnc(-c4cccc5c4OCO5)n23)cc1F
OSM-S-693,4,14.25,c1ccc(CCOc2cncc3nnc(-c4cccc5c4OCO5)n23)cc1
OSM-S-687,4,25.0,COc1cccc(OC)c1-c1nnc2cncc(OCCc3ccccc3)n12
OSM-S-694,4,25.0,COc1cccc(OC)c1-c1nnc2c(O)nccn12
OSM-S-689,4,25.0,COc1cc(OC)c(-c2nnc3cncc(OCCc4ccccc4)n23)c(OC)c1
OSM-S-678,4,25.0,O=[N+]([O-])c1ccccc1-c1nnc2cncc(OCCc3ccccc3)n12
OSM-S-683,4,10.13,CC(C)(C)c1ccc(-c2nnc3cncc(OCCc4ccccc4)n23)cc1
OSM-S-685,4,1.25,CC(C)(C)c1cc(-c2nnc3cncc(OCCc4ccccc4)n23)cc(C(C)(C)C)c1
OSM-S-691,4,9.94,c1ccc(CCOc2nccn3c(-c4c5ccccc5cc5ccccc45)nnc23)cc1
OSM-S-680,4,14.55,c1ccc(CCOc2cncc3nnc(-c4c5ccccc5cc5ccccc45)n23)cc1
OSM-S-692,4,25.0,COc1cc(OC)c(-c2nnc3c(O)nccn23)c(OC)c1
OSM-LO-15,4,1.34,FC(F)Oc1ccc(-c2nnc3cncc(OCCC45CC(C4)C5)n23)cc1
OSM-LO-16,4,0.46,CC(C)(C)Oc1ccc(-c2nnc3cncc(OCC(O)c4ccc(F)c(F)c4)n23)cc1
OSM-LO-17,4,25.0,Cc1ccc(COc2cncc3nnc(-c4ccc(C(C)C)cc4)n23)cn1
OSM-LO-18,4,10.94,NCc1cccc(CCOc2cncc3nnc(-c4ccc(Cl)cc4)n23)c1
OSM-LO-19,4,25.0,CC(O)COc1cncc2nnc(-c3ccc(OC(F)F)cc3)n12
OSM-LO-20,4,13.76,FC(F)OC(C=C1)=CC=C1C2=NN=C3C=NC=C(OCCCCCO)N32
OSM-LO-48,4,2.42,Nc1cccc(CCOc2cncc3nnc(-c4ccc(Cl)cc4)n23)c1
OSM-LO-49,4,1.24,FC(F)Oc1ccc(-c2nnc3cncc(OCCc4ccco4)n23)cc1
OSM-S-272,4,0.0767666666666666,Fc1ccc(CCOc2cncc3nnc(-c4ccc(Cl)cc4)n23)cc1F
OSM-S-293,4,0.1198,Clc1ccc(-c2nnc3cncc(OCCc4ccccc4)n23)cc1
OSM-X-054,4,4.01,[O-][n+]1cc(OCCc2ccc(F)c(F)c2)n2c(-c3ccc(OC(F)F)cc3)nnc2c1
OSM-X-007,4,0.16,Fc1ccc(CCOc2cnc(Cl)c3nnc(-c4ccc(OC(F)F)cc4)n23)cc1F
OSM-X-084,4,10.0,OCCc1cncc2nnc(-c3ccc(OC(F)F)cc3)n12
OSM-X-064,4,8.37,OCCC1CNCc2nnc(-c3ccc(OC(F)F)cc3)n21
OSM-X-019,4,0.43,Fc1ccc(N2CC(Oc3cncc4nnc(-c5ccc(OC(F)F)cc5)n34)C2)cc1F
OSM-X-045,4,2.0,FC(F)Oc1ccc(-c2nnc3cncc(N4CCC(c5ccccc5)C4)n23)cc1
OSM-S-176,4,0.25,O=C(NCc1cccc(Cl)c1)c1cncc2nnc(-c3ccc(OC(F)F)cc3)n12
OSM-X-091,4,10.0,Fc1ccc(CCOc2cncc3nnc(C4CCOCC4)n23)cc1F
OSM-X-079,4,10.0,FC(F)Oc1ccc(-c2nnc3n2CCNC3)cc1
OSM-X-090,4,10.0,CC(=O)N1CCC(c2nnc3cncc(OCCc4ccc(F)c(F)c4)n23)CC1
OSM-X-077,4,10.0,NCC(=O)N1CCn2c(nnc2-c2ccc(OC(F)F)cc2)C1
OSM-S-177,4,10.0,O=C(c1cncc2nnc(-c3ccc(OC(F)F)cc3)n12)N1Cc2ccccc2C1
OSM-S-178,4,1.34,O=C(NCc1ccc(Cl)cc1)c1cncc2nnc(-c3ccc(OC(F)F)cc3)n12
OSM-X-017,4,0.38,O=C(NCc1ccccc1Cl)c1cncc2nnc(-c3ccc(OC(F)F)cc3)n12
OSM-S-179,4,10.0,O=C(NCC1CCOCC1)c1cncc2nnc(-c3ccc(OC(F)F)cc3)n12
OSM-X-035,4,0.85,Fc1ccc(CCOc2cncc3nnc(Nc4ccc(F)c(F)c4)n23)cc1F
OSM-X-056,4,4.96,Fc1ccc(OC2CN(c3cncc4nnc(-c5ccc(OC(F)F)cc5)n34)C2)cc1F
OSM-X-049,4,2.63,Fc1ccc(CCOc2cncc3nnc(N4CCCCC4)n23)cc1F
OSM-S-180,4,10.0,O=C(c1cncc2nnc(-c3ccc(OC(F)F)cc3)n12)N1CCN(c2ccccn2)CC1
OSM-S-181,4,10.0,O=C(NCCN1CCOCC1)c1cncc2nnc(-c3ccc(OC(F)F)cc3)n12
OSM-S-185,4,10.0,O=C(c1cncc2nnc(-c3ccc(OC(F)F)cc3)n12)N1CCOCC1
OSM-X-094,4,1.6,CC(NC(=O)c1cncc2nnc(-c3ccc(OC(F)F)cc3)n12)c1ccccc1
OSM-S-182,4,10.0,O=C(c1cncc2nnc(-c3ccc(OC(F)F)cc3)n12)N1CCCC1
OSM-S-184,4,10.0,CS(=O)(=O)N1CCN(C(=O)c2cncc3nnc(-c4ccc(OC(F)F)cc4)n23)CC1
OSM-S-186,4,1.36,CC(NC(=O)c1cncc2nnc(-c3ccc(OC(F)F)cc3)n12)c1ccccc1
OSM-X-055,4,4.13,O=c1[nH]cc(OCCc2ccc(F)c(F)c2)n2c(-c3ccc(OC(F)F)cc3)nnc12
OSM-X-082,4,10.0,O=C(Nc1ccccn1)c1cncc2nnc(-c3ccc(OC(F)F)cc3)n12
OSM-X-051,4,3.17,O=C(NCCc1ccccc1)c1cncc2nnc(-c3ccc(OC(F)F)cc3)n12
OSM-X-021,4,0.47,Fc1ccc(CCOc2cncc3nnc(N4Cc5ccccc5C4)n23)cc1F
OSM-X-062,4,6.86,CCN(CC)c1ncc(OCCc2ccc(F)c(F)c2)n2c(-c3ccc(OC(F)F)cc3)nnc12
OSM-X-092,4,10.0,O=S(=O)(Cc1ccc(C(F)(F)F)cc1)Nc1cncc2nnc(-c3ccc(OC(F)F)cc3)n12
OSM-S-183,4,3.56,O=C(c1cncc2nnc(-c3ccc(OC(F)F)cc3)n12)N1CCCC1c1ccccc1
OSM-X-036,4,1.06,CN(Cc1cccc(Cl)c1)C(=O)c1cncc2nnc(-c3ccc(OC(F)F)cc3)n12
OSM-X-011,4,0.28,FC(F)Oc1ccc(-c2nnc3cncc(CCCc4ccccc4)n23)cc1
OSM-X-072,4,10.0,FC(F)Oc1ccc(-c2nnc3cncc(CCN4CCOCC4)n23)cc1
OSM-X-065,4,8.76,FC(F)Oc1ccc(-c2nnc3n2C(CCCc2ccccc2)CNC3)cc1
OSM-X-078,4,10.0,Nc1ncc(OCCc2ccc(F)c(F)c2)n2c(-c3ccc(OC(F)F)cc3)nnc12
OSM-X-083,4,10.0,FC(F)Oc1ccc(-c2nnc3cncc(CCN4Cc5ccccc5C4)n23)cc1
OSM-X-093,4,10.0,FC(F)Oc1ccc(-c2nnc3cncc(N4CC(c5ccccc5)C4)n23)cc1
OSM-X-016,4,0.36,Fc1ccc(COCc2cncc3nnc(-c4ccc(OC(F)F)cc4)n23)cc1F
OSM-X-063,4,6.92,Cc1ncc(OCCc2ccc(F)c(F)c2)n2c(-c3ccc(OC(F)F)cc3)nnc12
OSM-X-012,4,0.28,O=C(NCc1ccc(F)c(F)c1)c1cncc2nnc(-c3ccc(OC(F)F)cc3)n12
OSM-X-069,4,10.0,O=C(NCc1cncc2nnc(-c3ccc(OC(F)F)cc3)n12)c1cccc(Cl)c1
OSM-S-516,4,4.075,FC(F)Oc1ccc(-c2nnc3cncc(Oc4ccc(Cl)cc4)n23)cc1
OSM-S-218,4,0.4386666666666666,COC(COc1cncc2nnc(-c3ccc(C#N)cc3)n12)c1ccc(F)c(F)c1
OSM-S-273,4,0.11,Fc1ccc(CCOc2cncc3ncc(-c4ccc(Cl)cc4)n23)cc1F
OSM-X-053,4,3.74,O=C(Nc1ccc(F)cc1)c1cncc2nnc(-c3ccc(OC(F)F)cc3)n12
OSM-X-031,4,0.65,O=C(Nc1ccc(F)c(F)c1)c1cncc2nnc(-c3ccc(OC(F)F)cc3)n12
OSM-X-014,4,0.32,Fc1ccc(CCCc2cncc3nnc(-c4ccc(OC(F)F)cc4)n23)cc1F
OSM-S-367,4,7.3955,O=C(Nc1ccc(Cl)cc1)c1cncc2nnc(-c3ccc(OC(F)F)cc3)n12
OSM-X-047,4,2.05,Fc1ccc2c(c1)CCN2c1nnc2cncc(OCCc3ccc(F)c(F)c3)n12
OSM-S-274,4,0.83,Fc1ccc(CCOc2cncc3cnc(-c4ccc(Cl)cc4)n23)cc1F
OSM-X-002,4,0.04408,CN(C)C(COc1cncc2nnc(-c3ccc(OC(F)F)cc3)n12)c1ccc(F)c(F)c1
OSM-X-022,4,0.4833,Fc1ccc(C2(COc3cncc4nnc(-c5ccc(OC(F)F)cc5)n34)COC2)cc1F
OSM-S-377,4,0.01668,N#Cc1ccc(-c2nnc3cncc(OCC(OC(F)F)c4ccc(F)c(F)c4)n23)cc1
OSM-X-005,4,0.1147,FC(F)Oc1ccc(-c2nnc3cncc(Oc4ccc5ccccc5c4)n23)cc1
OSM-X-089,4,10.0,FC(F)Oc1ccc(-c2nnc3cncc(OCC(F)(F)F)n23)cc1
OSM-X-067,4,10.0,CNC(COc1cncc2nnc(-c3ccc(OC(F)F)cc3)n12)c1ccc(F)c(F)c1
OSM-X-018,4,0.3829,FC(F)Oc1ccc(-c2nnc3cncc(Oc4ccc(C(F)(F)F)cc4)n23)cc1
OSM-X-020,4,0.4551,FC(F)Oc1ccc(-c2nnc3cncc(Oc4ccc(Cl)c(Cl)c4)n23)cc1
OSM-S-379,4,0.2945,O=C(Nc1ccc(F)c(Cl)c1)c1cncc2nnc(-c3ccc(OC(F)F)cc3)n12
OSM-X-080,4,10.0,O=C(c1cncc2nnc(-c3ccc(OC(F)F)cc3)n12)N1CCc2cc(F)ccc21
OSM-X-066,4,9.635,FC(F)Oc1ccc(-c2nnc3cncc(Nc4ccc(Cl)c(Cl)c4)n23)cc1
OSM-X-050,4,3.066,FC(F)Oc1ccc(-c2nnc3cncc(Oc4cccc(Cl)c4)n23)cc1
OSM-S-175,4,0.2957,O=C(Nc1ccnc(C(F)(F)F)c1)c1cncc2nnc(-c3ccc(OC(F)F)cc3)n12
OSM-X-001,4,0.03382,Fc1ccc(CCOc2cn3c(-c4ccc(OC(F)F)cc4)nnc3cn2)cc1F
OSM-X-024,4,0.5207,Fc1ccc(COc2cn3c(-c4ccc(OC(F)F)cc4)nnc3cn2)cc1F
OSM-S-381,4,0.02432,OCC(COc1cncc2nnc(-c3ccc(OC(F)F)cc3)n12)c1ccc(F)c(F)c1
OSM-X-075,4,10.0,Fc1ccc(CNc2cn3c(-c4ccc(OC(F)F)cc4)nnc3cn2)cc1F
OSM-X-030,4,0.6133,Fc1ccc(C(COc2cncc3nnc(-c4ccc(OC(F)F)cc4)n23)N2CCOCC2)cc1F
OSM-X-033,4,0.738,CC(C)(C)c1ccc(Oc2cncc3nnc(-c4ccc(OC(F)F)cc4)n23)cc1
OSM-X-048,4,2.581,FC(F)Oc1ccc(-c2nnc3cncc(Oc4ccc5c(c4)CCCC5)n23)cc1
OSM-X-028,4,0.5973,FC(F)Oc1ccc(-c2nnc3cncc(Oc4ccc(Cl)c(C(F)(F)F)c4)n23)cc1
OSM-X-010,4,0.2785,NC(COc1cncc2nnc(-c3ccc(OC(F)F)cc3)n12)c1ccc(F)c(F)c1
OSM-X-026,4,0.5697,OCC(Nc1cncc2nnc(-c3ccc(OC(F)F)cc3)n12)c1ccc(F)c(F)c1
OSM-X-060,4,6.721,Fc1ccc(-c2cnn(-c3cncc4nnc(-c5ccc(OC(F)F)cc5)n34)c2)cc1F
OSM-X-057,4,5.576,O=C(Nc1ccc(F)cc1Cl)c1cncc2nnc(-c3ccc(OC(F)F)cc3)n12
OSM-X-074,4,10.0,Fc1ccc(Nc2cn3c(-c4ccc(OC(F)F)cc4)nnc3cn2)cc1F
OSM-X-015,4,0.3321,O=C(NCc1cc(Cl)ccc1Cl)c1cncc2nnc(-c3ccc(OC(F)F)cc3)n12
OSM-X-013,4,0.309,O=C(NCc1cccc(C(F)(F)F)c1Cl)c1cncc2nnc(-c3ccc(OC(F)F)cc3)n12
OSM-X-085,4,10.0,Fc1ccc(Cc2nccn2-c2cncc3nnc(-c4ccc(OC(F)F)cc4)n23)cc1F
OSM-X-088,4,10.0,Cc1nn(-c2ccc(F)cc2)c(C)c1-c1nnc2cncc(OCC(F)(F)F)n12
OSM-X-009,4,0.2627,FC(F)Oc1ccc(-c2nnc3cncc(Oc4ccc(S(F)(F)(F)(F)F)cc4)n23)cc1
OSM-X-052,4,3.446,Fc1ccc(Oc2cn3c(-c4ccc(OC(F)F)cc4)nnc3cn2)cc1F
OSM-X-076,4,10.0,Fc1ccc(CCNc2cn3c(-c4ccc(OC(F)F)cc4)nnc3cn2)cc1
OSM-X-086,4,10.0,Cc1nn(-c2ccc(F)cc2)c(C)c1-c1nnc2cncc(Oc3ccc(Cl)c(Cl)c3)n12
OSM-X-029,4,0.6095,Fc1ccc(C2C(Oc3cncc4nnc(-c5ccc(OC(F)F)cc5)n34)CN2C2CC2)cc1F
OSM-X-037,4,1.121,O=C1C(Oc2cncc3nnc(-c4ccc(OC(F)F)cc4)n23)C(c2ccc(F)c(F)c2)N1C1CC1
OSM-X-044,4,1.983,Cn1ccc2cc(Oc3cncc4nnc(-c5ccc(OC(F)F)cc5)n34)ccc21
OSM-X-068,4,10.0,O=C1C(Oc2cn3c(-c4ccc(OC(F)F)cc4)nnc3cn2)C(c2ccc(F)c(F)c2)N1C1CC1
OSM-X-039,4,1.629,FC(F)Oc1ccc(-c2nnc3cncc(Oc4ccc5ccc(C(F)(F)F)nc5c4)n23)cc1
OSM-X-043,4,1.928,Cc1noc2cc(Oc3cncc4nnc(-c5ccc(OC(F)F)cc5)n34)ccc12
OSM-X-042,4,1.822,CC1=CC(C)(C)Oc2cc(Oc3cncc4nnc(-c5ccc(OC(F)F)cc5)n34)ccc21
OSM-X-087,4,10.0,Cn1ncc2ccc(Oc3cncc4nnc(-c5ccc(OC(F)F)cc5)n34)cc21
OSM-X-025,4,0.5468,O=C(NC1CCc2cc(Cl)ccc21)c1cncc2nnc(-c3ccc(OC(F)F)cc3)n12
OSM-X-081,4,10.0,Cc1nn(-c2ccc(F)cc2)c(C)c1-c1nnc2cncc(C(=O)Nc3ccnc(C(F)(F)F)c3)n12
OSM-X-070,4,10.0,Fc1ccc(C2(C(Oc3cncc4nnc(-c5ccc(OC(F)F)cc5)n34)C(F)(F)F)CC2)cc1F
OSM-X-059,4,6.203,Cn1cc2ccc(Oc3cncc4nnc(-c5ccc(OC(F)F)cc5)n34)cc2n1
OSM-S-390,4,0.099,OC(COc1cncc2nnc(-c3ccc(OC(F)F)cc3)n12)c1ccc(F)c(F)c1
OSM-X-040,4,1.668,FC(F)Oc1ccc(-c2nnc3cncc(OCc4cccc5ccccc45)n23)cc1
OSM-X-032,4,0.7308,Fc1ccc(C2C(Oc3cncc4nnc(-c5ccc(OC(F)F)cc5)n34)CN2C2CC2)cc1F
OSM-X-004,4,0.1012,CC(O)(COc1cncc2nnc(-c3ccc(OC(F)F)cc3)n12)c1ccc(F)c(F)c1
OSM-X-058,4,6.038,FC(F)Oc1ccc(-c2nnc3cncc(Oc4cccc(Oc5ccccn5)c4)n23)cc1
OSM-X-038,4,1.459,FC(F)Oc1ccc(-c2nnc3cncc(OCC4CCc5cc(Cl)ccc54)n23)cc1
OSM-X-006,4,0.1228,CC(F)(COc1cncc2nnc(-c3ccc(OC(F)F)cc3)n12)c1ccc(F)c(F)c1
OSM-X-046,4,2.025,FC(F)Oc1ccc(-c2nnc3cncc(Oc4ccc5nc(C(F)(F)F)ncc5c4)n23)cc1
OSM-X-003,4,0.06536,Fc1ccc(C(F)COc2cncc3nnc(-c4ccc(OC(F)F)cc4)n23)cc1F
OSM-X-027,4,0.5764,FC(F)Oc1ccc(-c2nnc3cncc(Oc4ccc5ccsc5c4)n23)cc1
OSM-X-061,4,6.779,Fc1ccc(CCOc2ccc3nnc(-c4ccc(OC(F)F)cc4)n3n2)cc1F
OSM-X-034,4,0.8392,Fc1cc2ccc(Oc3cncc4nnc(-c5ccc(OC(F)F)cc5)n34)cc2cc1F
OSM-X-008,4,0.1734,Fc1cc(F)c2ccc(Oc3cncc4nnc(-c5ccc(OC(F)F)cc5)n34)cc2c1
OSM-X-023,4,0.5096,Fc1ccc(CCNc2ccc3nnc(-c4ccc(OC(F)F)cc4)n3n2)cc1
OSM-X-041,4,1.67,COc1ccc2ccc(Oc3cncc4nnc(-c5ccc(OC(F)F)cc5)n34)cc2n1
OSM-X-073,4,10.0,O=C(Cc1cccc(Cl)c1)Nc1cn2c(-c3ccc(OC(F)F)cc3)nnc2cn1
OSM-X-071,4,10.0,N#Cc1ccc(-c2nnc3ccc(NCCc4cccnc4)nn23)cc1
OSM-S-204,4,0.852,O=C(Nc1cccc(Cl)c1F)c1cncc2nnc(-c3ccc(OC(F)F)cc3)n12
OSM-S-254,4,0.6785,Cc1ccc(Cl)cc1NC(=O)c1cncc2nnc(-c3ccc(OC(F)F)cc3)n12
OSM-S-265,4,0.285,COC(COc1cncc2nnc(-c3ccc(C#N)cc3)n12)c1ccccc1
OSM-S-258,4,10.0,Clc1ccccc1CCOc1cncc2nnc(-c3ccncc3)n12
OSM-S-255,4,10.0,COc1ccc(-c2nnc3cncc(C(=O)Nc4cccc(Cl)c4C)n23)cc1
OSM-S-256,4,5.66,COc1ccc(-c2nnc3cncc(C(=O)Nc4cccc(Cl)c4F)n23)cc1
OSM-S-257,4,1.06,COc1ccc(-c2nnc3cncc(C(=O)Nc4cc(Cl)ccc4C)n23)cc1
OSM-S-259,4,0.452,Fc1ccc(COc2cncc3nnc(-c4ccc(Cl)cc4)n23)cc1F
OSM-S-260,4,0.281,Fc1ccc(CCOc2cncc3nnc(-c4ccc(OC(F)F)cc4)n23)cc1F
OSM-S-262,4,10.0,O=C(Nc1cccc(Cl)c1)c1cncc2nnc(-c3ccccn3)n12
OSM-S-263,4,10.0,O=C(Nc1cccc(Cl)c1)c1cncc2nnc(-c3cccnc3)n12
OSM-S-271,4,0.234,O=C(Nc1cccc(Cl)c1)c1cncc2nnc(-c3ccc(OC(F)(F)F)cc3)n12
OSM-S-275,4,5.0,OC(COc1cncc2nnc(C3CCCCC3)n12)c1ccccc1
OSM-S-276,4,10.0,CCc1nnc2cncc(OCC(O)c3ccccc3)n12
OSM-S-277,4,5.0,OC(COc1cncc2nnc(-c3ccccc3)n12)c1ccccc1
OSM-S-278,4,3.998,OC(COc1cncc2nnc(-c3ccc(C(F)(F)F)nc3)n12)c1ccccc1
OSM-S-279,4,0.2976666666666667,OC(COc1cncc2nnc(-c3ccc(OC(F)F)cc3)n12)c1ccccc1
OSM-S-280,4,10.0,COc1cncc2nnc(-c3ccc(OC(F)F)cc3)n12
OSM-S-281,4,10.0,CNC(COc1cncc2nnc(-c3ccc(OC(F)F)cc3)n12)c1ccccc1
OSM-S-283,4,2.0,NC(COc1cncc2nnc(-c3ccc(OC(F)F)cc3)n12)c1ccccc1
OSM-S-291,4,5.0,Clc1ccccc1-c1nnc2cncc(OCCc3ccccc3)n12
OSM-S-292,4,2.5,Clc1cccc(-c2nnc3cncc(OCCc4ccccc4)n23)c1
OSM-S-294,4,1.5095,c1ccc(CCOc2cncc3nnc(-c4ccccc4)n23)cc1
OSM-S-295,4,5.0,Fc1cc(F)cc(-c2nnc3cncc(OCCc4ccccc4)n23)c1
OSM-S-296,4,1.014,c1ccc(CCOc2cncc3nnc(-c4ccc5c(c4)OCO5)n23)cc1
OSM-S-297,4,0.415,c1ccc(CCOc2cncc3nnc(-c4ccc5ccccc5c4)n23)cc1
OSM-S-298,4,10.0,Fc1cc(F)cc(-c2nnc3cncc(OCc4ccccn4)n23)c1
OSM-S-299,4,10.0,c1ccc(COc2cncc3nnc(-c4ccc5c(c4)OCO5)n23)nc1
OSM-S-300,4,10.0,c1ccc(COc2cncc3nnc(-c4ccc5ccccc5c4)n23)nc1
OSM-S-301,4,5.0,FC(F)Oc1ccc(-c2nnc3cncc(OCc4ccccn4)n23)cc1
OSM-S-346,4,0.702,CC(Oc1cncc2nnc(-c3ccc(OC(F)F)cc3)n12)c1ccc(Cl)c(Cl)c1
OSM-S-347,4,0.529,FC(F)Oc1ccc(-c2nnc3cncc(OCc4ccc(Cl)c(Cl)c4)n23)cc1
OSM-S-348,4,1.636,FC(F)Oc1ccc(-c2nnc3cncc(OCc4ccc(Cl)cc4)n23)cc1
OSM-S-349,4,0.582,Fc1ccc(-c2nnc3cncc(OCCc4ccccc4)n23)cc1F
OSM-S-350,4,0.709,Clc1ccc(-c2nnc3cncc(OCCc4ccccc4)n23)cc1Cl
OSM-S-351,4,0.259,Clc1ccc(-c2nnc3cncc(OCCc4ccccc4)n23)c(Cl)c1
OSM-S-352,4,0.366,Fc1ccc(-c2nnc3cncc(OCCc4ccccc4)n23)cc1
OSM-LO-13,4,0.279,OCC(COc1cncc2nnc(-c3ccc(OC(F)F)cc3)n12)c1ccccc1
OSM-S-353,4,0.1035,OCC(COc1cncc2nnc(-c3ccc(OC(F)F)cc3)n12)c1ccccc1
OSM-S-359,4,10.0,FC(F)Oc1ccc(-c2nnc3cncc(SCc4ccccc4)n23)cc1
OSM-S-360,4,2.5,O=S(Cc1ccccc1)c1cncc2nnc(-c3ccc(OC(F)F)cc3)n12
OSM-S-361,4,10.0,O=S(=O)(Cc1ccccc1)c1cncc2nnc(-c3ccc(OC(F)F)cc3)n12
OSM-S-363,4,10.0,FC(F)Oc1ccc(-c2nnc3c(SCCc4ccccc4)nccn23)cc1
OSM-S-362,4,10.0,FC(F)Oc1ccc(-c2nnc3cncc(-n4cc(-c5ccccc5)nn4)n23)cc1
OSM-S-365,4,10.0,O=S(=O)(CCc1ccccc1)c1cncc2nnc(-c3ccc(OC(F)F)cc3)n12
OSM-S-364,4,10.0,O=S(CCc1ccccc1)c1cncc2nnc(-c3ccc(OC(F)F)cc3)n12
OSM-S-368,4,2.239,FC(F)Oc1ccc(-c2nnc3cncc(OCc4ccccc4)n23)cc1
OSM-S-369,4,0.3578,FC(F)Oc1ccc(-c2nnc3cncc(OCCc4ccccc4)n23)cc1
OSM-S-370,4,1.995,FC(F)Oc1ccc(-c2nnc3cncc(OCCCC45C6C7C8C6C4C8C75)n23)cc1
OSM-S-371,4,0.372,FC(F)Oc1ccc(-c2nnc3cncc(OCCC45C6C7C8C6C4C8C75)n23)cc1
OSM-S-372,4,10.0,FC(F)Oc1ccc(-c2nnc3cncc(OCc4cn(Cc5ccccc5)nn4)n23)cc1
OSM-S-373,4,10.0,FC(F)Oc1ccc(-c2nnc3cncc(OCc4cn(-c5ccccc5)nn4)n23)cc1
OSM-S-374,4,10.0,FC(F)Oc1ccc(-c2nnc3cncc(OCc4cn(-c5cncc(Cl)n5)nn4)n23)cc1
OSM-S-375,4,10.0,IC12C(C3C1C4C52)C5C34C6=NN=C7C=NC=C(OCCC8=CC(F)=C(F)C=C8)N76
OSM-S-388,4,10.0,Oc1nnc2c(N3CCCCC3)nccn12
OSM-S-387,4,10.0,Fc1ccc(CCOc2cncc3nncn23)cc1F
OSM-S-378,4,10.0,CN(C)C(COc1cncc2nnc(-c3ccc(C#N)cc3)n12)c1ccc(F)c(F)c1
OSM-S-376,4,0.803,N#Cc1ccc(-c2nnc3cncc(OCC(O)c4ccc(F)c(F)c4)n23)cc1
OSM-S-382,4,10.0,IC12C3C4C5(C3C1C5C24)C6=NN=C7C=NC=C(C(NC8=CC(C(F)(F)F)=NC=C8)=O)N76
OSM-S-383,4,0.135,COc1cccc(CCOc2cncc3nnc(-c4ccc(OC(F)F)cc4)n23)c1
OSM-S-384,4,0.928,COc1ccc(CCOc2cncc3nnc(-c4ccc(OC(F)F)cc4)n23)cc1
OSM-S-385,4,8.586,CC(Oc1cncc2nnc(-c3ccc(OC(F)F)cc3)n12)c1ccc(F)c(F)c1
OSM-S-386,4,4.801,CC(Oc1cncc2nnc(-c3ccc(OC(F)F)cc3)n12)c1ccc(C#N)cc1
OSM-S-389,4,0.189,CN(C)C(COc1cncc2nnc(-c3ccc(OC(F)F)cc3)n12)c1ccc(F)c(F)c1
OSM-E-15,4,3.5,N#Cc1ccc(-c2nnc3cccc(OCCc4ccc(F)c(F)c4)n23)cc1
OSM-E-16,4,5.2,N#Cc1ccc(-c2nnc3cccc(OCCc4ccccc4Cl)n23)cc1
OSM-E-17,4,6.8,N#Cc1ccc(-c2nnc3cccc(OCCc4ccccc4)n23)cc1
OSM-E-18,4,50.0,N#Cc1ccc(C=NNc2cccc(Cl)n2)cc1
OSM-E-19,4,50.0,N#Cc1ccc(-c2nnc3cccc(Cl)n23)cc1
OSM-E-20,4,50.0,O=C(Nc1ccnc(C(F)(F)F)c1)c1cccc(Cl)n1
OSM-E-21,4,50.0,N#Cc1ccc(C=NNc2cccc(C(=O)Nc3ccnc(C(F)(F)F)c3)n2)cc1
OSM-E-22,4,50.0,N#Cc1ccc(-c2nnc3cccc(C(=O)Nc4ccnc(C(F)(F)F)c4)n23)cc1
OSM-S-147,4,,COC(=O)c1cnccn1
OSM-S-148,4,,COC(=O)c1c[n+]([O-])ccn1
OSM-S-149,4,,COC(=O)c1cncc(Cl)n1
OSM-S-150,4,,O=C(O)c1cncc(Cl)n1
OSM-S-187,4,0.534,N#Cc1ccc(-c2nnc3cncc(OCCc4ccccc4)n23)cc1
OSM-S-188,4,,N#Cc1ccc(-c2nnc3c(SCCc4ccccc4)nccn23)cc1
OSM-S-190,4,,N#Cc1ccc(-c2nnc3c(NCCc4cccc(Cl)c4)nccn23)cc1
OSM-S-191,4,,Clc1ccc(-c2nnc3c(NCCc4cccc(Cl)c4)nccn23)cc1
OSM-S-203,4,,N#Cc1ccc(-c2nnc3cncc(C(=O)Nc4cccc(Cl)c4)n23)cc1
OSM-S-205,4,,N#Cc1ccc(-c2nnc3cncc(C(=O)Nc4cccc(Cl)c4F)n23)cc1
OSM-S-207,4,,O=C(c1cncc2nnc(-c3ccc(OC(F)F)cc3)n12)N1Cc2cccc(F)c2C1
OSM-S-208,4,0.207,COC(COc1cncc2nnc(-c3ccc(C#N)cc3)n12)c1ccc(F)c(F)c1
OSM-S-219,4,,N#Cc1ccc(-c2nnc3cncc(Cl)n23)cc1
OSM-S-220,4,,Clc1ccc(-c2nnc3cncc(Cl)n23)cc1
OSM-S-222,4,,COC(=O)C(O)c1ccc(F)c(F)c1
OSM-S-226,4,,C[Si](C)(OC(C1=CC(F)=C(F)C=C1)C#N)C
OSM-S-227,4,,Cc1c(Cl)cccc1NC(=O)c1cncc(Cl)n1
OSM-S-228,4,,O=C(Nc1cccc(Cl)c1F)c1cncc(Cl)n1
OSM-S-229,4,,Cc1ccc(Cl)cc1NC(=O)c1cncc(Cl)n1
OSM-S-230,4,,NNc1cncc(C(=O)Nc2cccc(Cl)c2)n1
OSM-S-261,4,,NC(COc1cncc2nnc(-c3ccc(Cl)cc3)n12)Cc1ccccc1
OSM-S-264,4,,O=C(Nc1cccc(Cl)c1)c1cncc2nnc(-c3ccncc3)n12
OSM-S-270,4,,COc1ccc(-c2nnc3cncc(C(=O)Nc4cccc(Cl)c4)n23)cc1
OSM-S-302,4,,NNc1cncc(Cl)n1
OSM-S-303,4,,N#Cc1ccc(C=NNc2cncc(Cl)n2)cc1
OSM-S-304,4,,FC(F)(F)Oc1ccc(C=NNc2cncc(Cl)n2)cc1
OSM-S-305,4,,FC(F)Oc1ccc(C=NNc2cncc(Cl)n2)cc1
OSM-S-306,4,,Clc1cncc(NN=Cc2ccccc2)n1
OSM-S-307,4,,Clc1cncc(NN=Cc2ccccc2Cl)n1
OSM-S-308,4,,Clc1cccc(C=NNc2cncc(Cl)n2)c1
OSM-S-309,4,,Clc1ccc(C=NNc2cncc(Cl)n2)cc1
OSM-S-310,4,,Fc1cc(F)cc(C=NNc2cncc(Cl)n2)c1
OSM-S-311,4,,Clc1cncc(NN=Cc2ccc3c(c2)OCO3)n1
OSM-S-312,4,,Clc1cncc(NN=Cc2ccc3ccccc3c2)n1
OSM-S-313,4,,FC(F)(F)c1ccc(C=NNc2cncc(Cl)n2)cn1
OSM-S-314,4,,CC(C)(C)OC(=O)N1CCCC(C=NNc2cncc(Cl)n2)C1
OSM-S-315,4,,Clc1cncc(NN=CC2CCCCC2)n1
OSM-S-316,4,,CCC=NNc1cncc(Cl)n1
OSM-S-317,4,,FC(F)(F)Oc1ccc(-c2nnc3cncc(Cl)n23)cc1
OSM-S-318,4,,Clc1cncc(NN=Cc2ccncc2)n1
OSM-S-319,4,,Fc1cc(F)cc(-c2nnc3cncc(Cl)n23)c1
OSM-S-320,4,,FC(F)(F)c1ccc(-c2nnc3cncc(Cl)n23)cn1
OSM-S-321,4,,Clc1cncc2nnc(C3CCCCC3)n12
OSM-S-322,4,,CCc1nnc2cncc(Cl)n12
OSM-S-323,4,,CC(C)(C)OC(=O)N1CCCC(c2nnc3cncc(Cl)n23)C1
OSM-S-324,4,,FC(F)Oc1ccc(-c2nnc3cncc(Cl)n23)cc1
OSM-S-325,4,,Clc1cncc2nnc(-c3ccccc3)n12
OSM-S-326,4,,Clc1cncc2nnc(-c3ccc4ccccc4c3)n12
OSM-S-327,4,,Clc1cncc2nnc(-c3ccc4c(c3)OCO4)n12
OSM-S-329,4,,O=C(O)C(O)c1ccc(F)c(F)c1
OSM-S-330,4,,COC(=O)C(OC)c1ccc(F)c(F)c1
OSM-S-331,4,,COC(CO)c1ccc(F)c(F)c1
OSM-S-332,4,,Clc1cncc2nnc(-c3ccncc3)n12
OSM-S-333,4,,Clc1cccc(-c2nnc3cncc(Cl)n23)c1
OSM-S-334,4,,Clc1ccccc1-c1nnc2cncc(Cl)n12
OSM-S-335,4,,CCOC(=O)C(CO)c1ccccc1
OSM-S-336,4,,COC(=O)C(O)c1ccccc1
OSM-S-337,4,,COC(=O)C(OC)c1ccccc1
OSM-S-338,4,,COC(CO)c1ccccc1
OSM-S-339,4,,COC(=O)C(OC1CCCCO1)c1ccccc1
OSM-S-340,4,,OCC(OC1CCCCO1)c1ccccc1
OSM-S-341,4,,NC(CO)c1ccccc1
OSM-S-342,4,,O=C(O)NC(C(=O)O)c1ccccc1
OSM-S-343,4,,CNC(CO)c1ccccc1
OSM-S-344,4,,CN(C)C(CO)c1ccccc1
OSM-S-345,4,,CCOC(=O)C(COc1cncc2nnc(-c3ccc(OC(F)F)cc3)n12)c1ccccc1
OSM-S-354,4,,CC(C)(O)COc1cncc2nnc(-c3ccc(OC(F)(F)F)cc3)n12
OSM-S-355,4,,NCC(COc1cncc2nnc(-c3ccc(OC(F)F)cc3)n12)c1ccccc1
OSM-S-356,4,,OC(COc1cncc2nnc(-c3ccccn3)n12)c1ccccc1
OSM-S-357,4,,COC(C)(C)COc1cncc2nnc(-c3ccc(OC(F)F)cc3)n12
OSM-S-358,4,,CN(C)C(COc1cncc2nnc(-c3ccc(OC(F)F)cc3)n12)c1ccccc1
OSM-S-534,4,,FC(F)Oc1ccc(-c2nnc3cncc(OCCc4ccccc4OCc4ccccc4)n23)cc1
OSM-S-540,4,,Oc1ccccc1CCOc1cncc2nnc(-c3ccc(OC(F)F)cc3)n12
OSM-S-587,4,,FC(F)Oc1ccc(-c2nnc3cncc(NCCc4ccccc4)n23)cc1
OSM-S-592,4,,Clc1cncc2nncn12
OSM-S-593,4,,NNc1cnc(Cl)cn1
OSM-S-594,4,,Clc1cn2cnnc2cn1
OSM-S-595,4,,COc1ccc(-c2nnc3cncc(Cl)n23)cc1
OSM-S-596,4,,COc1ccc(-c2nnc3cncc(Br)n23)cc1
OSM-S-597,4,,IC1=CN=CC(N12)=NN=C2C3=CC=C(OC)C=C3
OSM-S-598,4,,O=[N+]([O-])c1ccc(-c2nnc3cncc(Cl)n23)cc1
OSM-S-599,4,,Clc1nccn2c(-c3ccccc3)nnc12
OSM-S-600,4,,O=[N+]([O-])c1ccc(-c2nnc3c(Cl)nccn23)cc1
OSM-S-601,4,,FC(F)Oc1ccc(-c2nnc3cnc(Cl)cn23)cc1
OSM-S-610,4,,c1cn2cnnc2cn1
OSM-S-611,4,,Brc1nnc2cnccn12
OSM-S-612,4,,Brc1cncc2nncn12
OSM-S-613,4,,Clc1nccn2cnnc12
OSM-S-614,4,,IC1=CN=CC2=NN=CN21
OSM-S-615,4,,c1ccc(CCSc2cncc3nncn23)cc1
OSM-S-616,4,,c1ccc(CCSc2nccn3cnnc23)cc1
OSM-S-617,4,,c1ccc(CCNc2nccn3cnnc23)cc1
OSM-S-618,4,,c1ccc(CCNc2cncc3nncn23)cc1
OSM-S-619,4,,c1ccc(CCOc2cncc3nncn23)cc1
OSM-S-620,4,,c1ccc(CCOc2nccn3cnnc23)cc1
OSM-S-640,4,,Clc1cncc2nnc(Br)n12
OSM-S-650,4,,NNc1cnccn1
OSM-S-652,4,,c1cn2cnnc2c(N2CCOCC2)n1
OSM-S-653,4,,c1cn2cnnc2c(N2CCCCC2)n1
OSM-S-654,4,,OCC(COc1cncc2nncn12)c1ccccc1
OSM-S-655,4,,OCC(COc1cncc2nnc(Br)n12)c1ccccc1
OSM-S-656,4,,c1ccc(-c2nnc3cnccn23)cc1
OSM-S-657,4,,NNc1nccnc1Cl
OSM-S-658,4,,NNc1cncc(Br)n1
OSM-S-659,4,,IC1=CN=CC(NN)=N1
OSM-S-660,4,,IC1=NC(I)=CN=C1
OSM-S-661,4,,Clc1cncc2nnc(-c3cccc4c3OCO4)n12
OSM-S-663,4,,c1ncc2nncn2c1N1CCCCC1
OSM-S-664,4,,COc1ccc(-c2nnc3c(O)nccn23)cc1
OSM-S-665,4,,OCC(CO)(CO)c1ccccc1
OSM-S-667,4,,Clc1cncc2nnc(-c3ccc4c(c3)CCO4)n12
OSM-S-671,4,,CCOc1ccccc1-c1nnc2cncc(Cl)n12
OSM-S-674,4,,COc1cc(-c2nnc3cncc(Cl)n23)cc(OC)c1OC
OSM-S-677,4,,O=[N+]([O-])c1ccccc1-c1nnc2cncc(Cl)n12
OSM-S-679,4,,Clc1cncc2nnc(-c3c4ccccc4cc4ccccc34)n12
OSM-S-681,4,,COc1ccccc1-c1nnc2cncc(Cl)n12
OSM-S-682,4,,CC(C)(C)c1ccc(-c2nnc3cncc(Cl)n23)cc1
OSM-S-684,4,,CC(C)(C)c1cc(-c2nnc3cncc(Cl)n23)cc(C(C)(C)C)c1
OSM-S-686,4,,COc1cccc(OC)c1-c1nnc2cncc(Cl)n12
OSM-S-688,4,,COc1cc(OC)c(-c2nnc3cncc(Cl)n23)c(OC)c1
OSM-S-695,4,,CC(C)(C)c1ccc(-c2nnc3c(OCCc4ccccc4)nccn23)cc1
OSM-S-696,4,,COc1ccccc1-c1nnc2cncc(Br)n12
OSM-S-697,4,,O=[N+]([O-])c1ccc(-c2nnc3cncc(Br)n23)cc1
OSM-S-698,4,,O=[N+]([O-])c1ccccc1-c1nnc2cncc(Br)n12
OSM-S-699,4,,COc1ccccc1-c1nnc2c(OCCc3ccccc3)nccn12
OSM-S-700,4,,COc1ccccc1-c1nnc2c(O)nccn12
OSM-S-701,4,,O=[N+]([O-])c1ccc(-c2nnc3c(O)nccn23)cc1
OSM-S-702,4,,O=[N+]([O-])c1ccccc1-c1nnc2c(O)nccn12
OSM-S-703,4,,COc1ccc(-c2nnc3cnccn23)cc1
OSM-S-704,4,,O=[N+]([O-])c1ccc(-c2nnc3cncc(SCCc4ccccc4)n23)cc1
OSM-S-705,4,,CC1(C)OCC(CO)(c2ccccc2)CO1
OSM-S-706,4,,CC(C)(C)c1cc(-c2nnc3c(OCCc4ccccc4)nccn23)cc(C(C)(C)C)c1
OSM-W-1,4,,[N-]=[N+]=Nc1cncc2nnc(-c3ccc(Cl)cc3)n12
OSM-W-10,4,0.159,Fc1ccc(CCOc2cncc3nnc(-c4ccc(Cl)cc4)n23)cc1
OSM-W-2,4,,Nc1cncc2nnc(-c3ccc(Cl)cc3)n12
OSM-W-3,4,2.85,CS(=O)(=O)c1ccc(-c2nnc3cncc(OCCc4ccc(F)cc4)n23)cc1
OSM-W-4,4,100.0,Fc1ccc(CCOc2cncc(Nc3nnc(-c4ccccc4)s3)n2)cc1
OSM-W-5,4,0.698,CS(=O)(=O)c1ccc(-c2nnc3cncc(OCCc4ccc(F)c(F)c4)n23)cc1
OSM-W-6,4,2.931,N#Cc1ccc(-c2nnc3cncc(NC(=O)Cc4ccc(F)c(F)c4)n23)cc1
OSM-W-7,4,10.0,N#Cc1ccc(-c2nnc3cncc(NC(=O)CCc4ccc(F)c(F)c4)n23)cc1
OSM-W-8,4,0.934,N#Cc1ccc(-c2nnc3cncc(OCCc4ccc(F)cc4)n23)cc1
OSM-W-9,4,0.294,N#Cc1ccc(-c2nnc3cncc(OCCc4ccc(F)c(F)c4)n23)cc1
