osm,smiles,activity,norm_activity,bin_activity
OSM-S-380,FC(F)Oc1ccc(-c2nnc3cncc(CN4Cc5ccccc5C4)n23)cc1,0.11,0.9612403100775194,1.0
OSM-S-201,Cc1c(Cl)cccc1NC(=O)c1cncc2nnc(-c3ccc(OC(F)F)cc3)n12,4.730333333333333,0.5142118863049095,0.0
OSM-S-202,O=C(Nc1cccc(Cl)c1)c1cncc2nnc(-c3ccc(OC(F)F)cc3)n12,0.211,0.9147286821705426,1.0
OSM-S-189,N#Cc1ccc(-c2nnc3cncc(OCCc4ccccc4Cl)n23)cc1,0.309,0.8656330749354005,1.0
OSM-S-366,Fc1ccc(CCOc2cncc3nnc(-c4ccc(C(F)(F)F)nc4)n23)cc1F,0.39155,0.8294573643410853,1.0
OSM-S-206,O=C(Nc1cc(C(F)(F)F)cc(C(F)(F)F)c1)c1cncc2nnc(-c3ccc(OC(F)F)cc3)n12,0.309,0.8682170542635659,1.0
OSM-S-410,O=C(Nc1ccc(Cl)cc1)c1c[nH]c(=O)c2nnc(-c3ccc(OC(F)F)cc3)n12,5.0,0.4883720930232558,0.0
OSM-S-411,O=C(Nc1cc[n+]([O-])c(C(F)(F)F)c1)c1cncc2nnc(-c3ccc(OC(F)F)cc3)n12,2.07,0.6020671834625323,1.0
OSM-S-412,OCC(COc1cncc2nnc(-c3ccc(OC(F)F)cc3)n12)c1ccc(O)cc1,4.12,0.524547803617571,0.0
OSM-S-391,IC(C=C1)=CC=C1C2=NN=C3C=NC=C(OCCC4=CC(F)=C(F)C=C4)N32,0.35,0.8552971576227391,1.0
OSM-S-392,O=C(COc1cncc2nnc(-c3ccc(OC(F)F)cc3)n12)c1ccc(F)c(F)c1,0.832,0.7286821705426356,1.0
OSM-S-393,COC(COc1cncc2nnc(-c3ccc(OC(F)F)cc3)n12)(OC)c1ccc(F)c(F)c1,0.157,0.9354005167958657,1.0
OSM-S-394,FS(F)(F)(F)(F)c1ccc(-c2nnc3cncc(OCCc4ccccc4)n23)cc1,0.48,0.7984496124031008,1.0
OSM-S-395,FC(F)Oc1ccc(-c2nnc3cncc(OCCC45CC6CC(CC(C6)C4)C5)n23)cc1,2.15,0.5968992248062015,1.0
OSM-S-396,CC(Cc1ccccc1)Oc1cncc2nnc(-c3ccc(OC(F)F)cc3)n12,0.45,0.813953488372093,1.0
OSM-S-397,FC(F)Oc1ccc(-c2nnc3cncc(OCC45CC6CC(CC(C6)C4)C5)n23)cc1,4.8,0.5116279069767442,0.0
OSM-S-398,FC(F)Oc1ccc(-c2nnc3cncc(OCC4CC5C=CC4C5)n23)cc1,0.486,0.7932816537467701,1.0
OSM-S-399,CC1(C)C2CC=C(CCOc3cncc4nnc(-c5ccc(OC(F)F)cc5)n34)C1C2,1.28,0.6692506459948321,1.0
OSM-S-400,O=C(COc1cncc2nnc(-c3ccc(OC(F)F)cc3)n12)c1ccccc1,1.37,0.6563307493540051,1.0
OSM-S-401,Clc1ccc(-c2nnc3cncc(OCC45CC6CC(CC(C6)C4)C5)n23)c(Cl)c1,8.0,0.4496124031007752,0.0
OSM-S-402,Clc1ccc(-c2nnc3cncc(OCC45CC6CC(CC(C6)C4)C5)n23)cc1,2.53,0.5813953488372093,0.0
OSM-S-403,CC1(C)C2CC=C(CCOc3cncc4nnc(-c5ccc(Cl)cc5Cl)n34)C1C2,8.24,0.4470284237726098,0.0
OSM-S-404,CC1(C)C2CC=C(CCOc3cncc4nnc(-c5ccc(Cl)cc5)n34)C1C2,1.05,0.6950904392764858,1.0
OSM-S-405,Clc1ccc(-c2nnc3cncc(OCC4CC5C=CC4C5)n23)c(Cl)c1,9.55,0.42377260981912146,0.0
OSM-S-406,Clc1ccc(-c2nnc3cncc(OCC4CC5C=CC4C5)n23)cc1,0.62,0.7622739018087855,1.0
OSM-S-408,c1ccc(CCOc2cncc3nnc(-c4ccncc4)n23)cc1,10.0,0.19121447028423771,0.0
OSM-S-407,O=C(Nc1ccncc1)c1cncc2nnc(-c3ccccc3)n12,10.0,0.1937984496124031,0.0
OSM-S-415,Fc1ccc(CCOc2cncc3nnc(-c4ccccc4)n23)cc1F,2.15,0.599483204134367,1.0
OSM-S-409,ON=C(COc1cncc2nnc(-c3ccc(OC(F)F)cc3)n12)c1ccccc1,10.0,0.19638242894056848,0.0
OSM-S-414,COC(COc1cncc2nnc(-c3ccc(C#N)cc3)n12)c1ccc(F)c(F)c1,0.89,0.7157622739018088,1.0
OSM-S-413,COC(COc1cncc2nnc(-c3ccc(C#N)cc3)n12)c1ccc(F)c(F)c1,10.0,0.19896640826873385,0.0
OSM-S-416,COC(COc1cncc2nnc(-c3ccc(C#N)cc3)n12)c1ccc(F)c(F)c1,0.43,0.8217054263565892,1.0
OSM-S-417,c1ccc(CCOc2nnc3c(N4CCCCC4)nccn23)cc1,10.0,0.20155038759689922,0.0
OSM-S-418,FC(OC1=CC=C(C2=NN=C3C=NC=C(N32)OCC[C]4[CH]BBBBBBBBBB4)C=C1)F,0.05,0.9870801033591732,1.0
OSM-S-419,FC(F)Oc1ccc(-c2nnc3cncc(OCC(c4ccccc4)N4CCOCC4)n23)cc1,1.58,0.6459948320413437,1.0
OSM-S-421,FC(F)Oc1ccc(-c2nnc3cncc(OCCN4CC5(COC5)C4)n23)cc1,10.0,0.2041343669250646,0.0
OSM-S-420,OCc1ccc(COc2cncc3nnc(-c4ccc(OC(F)F)cc4)n23)cc1,10.0,0.20671834625322996,0.0
OSM-S-422,FC(F)Oc1ccc(-c2nnc3cncc(OCCC4COC4)n23)cc1,10.0,0.20930232558139536,0.0
OSM-S-423,Fc1ccc(C2(COc3cncc4nnc(-c5ccc(OC(F)F)cc5)n34)OCCO2)cc1F,0.667,0.7545219638242894,1.0
OSM-S-430,CCN(CC)C(COc1cncc2nnc(-c3ccc(OC(F)F)cc3)n12)c1ccc(F)c(F)c1,10.0,0.21188630490956073,0.0
OSM-S-431,CCN(C)C(COc1cncc2nnc(-c3ccc(OC(F)F)cc3)n12)c1ccc(F)c(F)c1,8.85,0.4289405684754522,0.0
OSM-S-494,NC(=O)c1ccc(-c2nnc3cncc(OCCc4ccc(F)c(F)c4)n23)cc1,10.0,0.2144702842377261,0.0
OSM-S-495,NC(=O)c1cccc(-c2nnc3cncc(OCCc4ccc(F)c(F)c4)n23)c1,10.0,0.21705426356589147,0.0
OSM-S-496,CN(C)C(=O)c1ccc(-c2nnc3cncc(OCCc4ccc(F)c(F)c4)n23)cc1,3.69,0.5426356589147286,0.0
OSM-S-432,Fc1ccc(CCOc2cncc3nnc(Br)n23)cc1F,10.0,0.21963824289405684,0.0
OSM-S-503,FC(F)(F)c1ncc(OCCc2ccccc2)n2c(-c3ccncc3)nnc12,10.0,0.2222222222222222,0.0
OSM-S-504,FC(F)Oc1ccc(-c2nnc3c(C(F)(F)F)ncc(OCCc4ccccc4)n23)cc1,10.0,0.2248062015503876,0.0
OSM-S-505,Oc1ncc(OCCc2ccccc2)n2c(-c3ccc(OC(F)F)cc3)nnc12,10.0,0.22739018087855298,0.0
OSM-S-510,CN1CCN(C(=O)c2ccc(-c3nnc4cncc(OCCc5ccc(F)c(F)c5)n34)cc2)CC1,10.0,0.22997416020671835,0.0
OSM-S-506,NS(=O)(=O)c1ccc(-c2nnc3cncc(OCCc4ccc(F)c(F)c4)n23)cc1,10.0,0.23255813953488372,0.0
OSM-S-507,O=C(c1ccc(-c2nnc3cncc(OCCc4ccc(F)c(F)c4)n23)cc1)N1CCOCC1,10.0,0.2351421188630491,0.0
OSM-S-508,CN1CCN(C(=O)c2cccc(-c3nnc4cncc(OCCc5ccc(F)c(F)c5)n34)c2)CC1,10.0,0.23772609819121446,0.0
OSM-S-509,FC(F)Oc1ccc(-c2nnc3c(N4CCOCC4)nccn23)cc1,10.0,0.24031007751937986,0.0
OSM-S-433,FC(F)Oc1ccc(-c2nnc3cncc(OCCC4C5C6CC7C8C6CC5C8C47)n23)cc1,1.08,0.6847545219638242,1.0
OSM-S-497,FC(F)Oc1ccc(-c2nnc3cncc(OCCN4CCNCC4)n23)cc1,10.0,0.24289405684754523,0.0
OSM-S-498,FC(F)Oc1ccc(-c2nnc3cncc(OCCN4CCOCC4)n23)cc1,10.0,0.2454780361757106,0.0
OSM-S-499,FC(F)Oc1ccc(-c2nnc3cncc(OCCN4CCCCC4)n23)cc1,10.0,0.24806201550387597,0.0
OSM-S-500,FC(F)Oc1ccc(-c2nnc3cncc(OCCN4CCCC4)n23)cc1,10.0,0.25064599483204136,0.0
OSM-S-501,CC(C)(C)OC(=O)N1CCN(CCOc2cncc3nnc(-c4ccc(OC(F)F)cc4)n23)CC1,10.0,0.2532299741602067,0.0
OSM-S-502,OCCc1cn(-c2nccn3c(-c4ccc(OC(F)F)cc4)nnc23)c2ccccc12,8.0,0.45219638242894056,0.0
OSM-S-328,Oc1nccn2c(-c3ccc(OC(F)F)cc3)nnc12,10.0,0.2558139534883721,0.0
OSM-S-442,FC(F)Oc1ccc(-c2nnc3cncc(OCCC4CC4)n23)cc1,3.03,0.5607235142118863,0.0
OSM-S-511,FC(F)Oc1ccc(-c2nnc3cncc(OCC4CC5CC4C4OC54)n23)cc1,9.8,0.4160206718346253,0.0
OSM-S-512,FC(F)Oc1ccc(-c2nnc3cncc(OCC4CC5CC4C4OC54)n23)cc1,11.0,0.1834625322997416,0.0
OSM-S-513,OC12C3C4C1C1C2C3C41CCOc1cncc2nnc(-c3ccc(OC(F)F)cc3)n12,1.0,0.7054263565891473,1.0
OSM-S-514,OC12C3C4C5C3C1(CCOc1cncc3nnc(-c6ccc(OC(F)F)cc6)n13)C5C42,3.3,0.5503875968992248,0.0
OSM-S-515,O=C(O)C(COc1cncc2nnc(-c3ccc(OC(F)F)cc3)n12)c1ccccc1,3.88,0.5348837209302325,0.0
OSM-S-517,Fc1ccc(CCOc2cncc3nnc(N4CCOCC4)n23)cc1F,19.0,0.14987080103359174,0.0
OSM-S-522,CN(C)C(=O)c1cccc(-c2nnc3cncc(OCCc4ccc(F)c(F)c4)n23)c1,25.0,0.0103359173126615,0.0
OSM-S-523,Fc1ccc(CCOc2cncc3nnc(OCCc4ccc(F)c(F)c4)n23)cc1F,25.0,0.012919896640826873,0.0
OSM-S-524,Fc1ccc(CCOc2cncc3nnc(-c4ccc(N5CCOCC5)cc4)n23)cc1F,17.0,0.16020671834625322,0.0
OSM-S-525,Fc1ccc(CCOc2cncc3nnc(-c4ccc5cc[nH]c5c4)n23)cc1F,0.1065,0.9638242894056848,1.0
OSM-S-526,Nc1ccc(-c2nnc3cncc(OCCc4ccc(F)c(F)c4)n23)cc1,13.0,0.17829457364341086,0.0
OSM-S-527,Fc1ccc(CCOc2cncc3nnc(-c4ccc(N5CCCCC5)cc4)n23)cc1F,20.0,0.14470284237726097,0.0
OSM-S-528,Fc1ccc(CCOc2cncc3nnc(-c4ccc(N5CCCC5)cc4)n23)cc1F,22.0,0.1421188630490956,0.0
OSM-S-529,CC(=O)Nc1ccc(-c2nnc3cncc(OCCc4ccc(F)c(F)c4)n23)cc1,25.0,0.015503875968992248,0.0
OSM-S-530,CC(=O)Nc1cccc(-c2nnc3cncc(OCCc4ccc(F)c(F)c4)n23)c1,25.0,0.01808785529715762,0.0
OSM-S-518,Fc1ccc(CCOc2cncc3nnc(N4CCC(F)(F)CC4)n23)cc1F,1.51,0.648578811369509,1.0
OSM-S-519,Fc1ccc(CCOc2cncc3nnc(N4CCC(F)CC4)n23)cc1F,8.46,0.4418604651162791,0.0
OSM-S-520,Fc1ccc(CCOc2cncc3nnc(N4CCC(C(F)(F)F)CC4)n23)cc1F,2.75,0.5710594315245479,0.0
OSM-S-521,CN1CCN(c2nnc3cncc(OCCc4ccc(F)c(F)c4)n23)CC1,25.0,0.020671834625323,0.0
OSM-S-531,CN(C)c1ccc(-c2nnc3cncc(OCCc4ccc(F)c(F)c4)n23)cc1,5.53,0.48578811369509045,0.0
OSM-S-532,OCC(COc1cncc2nnc(-c3ccc(OC(F)F)cc3)n12)c1cccc(OCc2ccccc2)c1,0.059,0.9844961240310077,1.0
OSM-S-533,OCC(COc1cncc2nnc(-c3ccc(OC(F)F)cc3)n12)c1cccc(O)c1,0.382,0.834625322997416,1.0
OSM-S-535,CC(C)(C)OC(=O)NC(COc1cncc2nnc(-c3ccc(OC(F)F)cc3)n12)Cc1ccccc1,8.6,0.43669250645994834,0.0
OSM-S-536,NC(COc1cncc2nnc(-c3ccc(OC(F)F)cc3)n12)Cc1ccccc1,17.0,0.16279069767441862,0.0
OSM-S-537,CC(C)(C)OC(=O)NC(COc1cncc2nnc(-c3ccc(OC(F)F)cc3)n12)Cc1ccccc1,10.0,0.25839793281653745,0.0
OSM-S-538,NC(COc1cncc2nnc(-c3ccc(OC(F)F)cc3)n12)Cc1ccccc1,2.3,0.5917312661498708,1.0
OSM-S-542,Fc1ccc(CCOc2cncc3nnc(-n4cccn4)n23)cc1F,25.0,0.023255813953488372,0.0
OSM-S-543,Fc1ccc(CCOc2nccn3c(-n4cccn4)nnc23)cc1F,19.0,0.1524547803617571,0.0
OSM-S-544,Fc1ccc(CCOc2cncc3nnc(Oc4ccc(Cl)cc4)n23)cc1F,25.0,0.025839793281653745,0.0
OSM-S-545,CN(C)c1cccc(-c2nnc3cncc(OCCc4ccc(F)c(F)c4)n23)c1,7.0,0.4599483204134367,0.0
OSM-S-546,Fc1ccc(CCOc2cncc3nnc(-c4ccc5cn[nH]c5c4)n23)cc1F,0.434,0.8191214470284238,1.0
OSM-S-547,Fc1ccc(CCOc2cncc3nnc(-c4cccc5[nH]ccc45)n23)cc1F,4.9,0.5064599483204134,0.0
OSM-S-548,Nc1cc(-c2nnc3cncc(OCCc4ccc(F)c(F)c4)n23)ccc1Cl,0.045,0.9896640826873385,1.0
OSM-S-549,Nc1cccc(-c2nnc3cncc(OCCc4ccc(F)c(F)c4)n23)c1,2.8,0.5684754521963824,0.0
OSM-S-550,CCc1ccc(-c2nnc3cncc(OCCc4ccc(F)c(F)c4)n23)cc1,0.144,0.9431524547803618,1.0
OSM-S-551,O=C(O)c1ccc(-c2nnc3cncc(OCCc4ccc(F)c(F)c4)n23)cc1,25.0,0.028423772609819122,0.0
OSM-S-552,O=C(O)c1cccc(-c2nnc3cncc(OCCc4ccc(F)c(F)c4)n23)c1,25.0,0.031007751937984496,0.0
OSM-S-553,O=[N+]([O-])c1ccc(-c2nnc3cncc(OCCc4ccc(F)c(F)c4)n23)cc1,0.98,0.7080103359173127,1.0
OSM-S-557,OCC(COc1cncc2nnc(-c3ccc4cc[nH]c4c3)n12)c1ccccc1,0.069,0.979328165374677,1.0
OSM-S-486,OCC(COc1cncc2nnc(-c3ccc(OC(F)F)cc3)n12)c1ccc(C(F)(F)F)cc1,1.15,0.6795865633074936,1.0
OSM-S-554,OC(COc1cncc2nnc(C3CCCNC3)n12)c1ccccc1,25.0,0.03359173126614987,0.0
OSM-S-555,Fc1ccc(CCOc2cncc3nnc(C4CCCNC4)n23)cc1F,25.0,0.03617571059431524,0.0
OSM-S-556,OCC(O)(COc1cncc2nnc(-c3ccc(OC(F)F)cc3)n12)c1ccccc1,0.47,0.8010335917312662,1.0
OSM-S-558,CN(C)c1ccc(C2(COc3cncc4nnc(-c5ccc(OC(F)F)cc5)n34)COC(C)(C)O2)cc1,25.0,0.03875968992248062,0.0
OSM-S-559,CC1(C)OCC(COc2cncc3nnc(-c4ccc(OC(F)F)cc4)n23)(c2ccc(F)c(F)c2)O1,0.149,0.937984496124031,1.0
OSM-S-560,OCC(O)(COc1cncc2nnc(-c3ccc(OC(F)F)cc3)n12)c1ccc(F)c(F)c1,0.5545,0.7803617571059431,1.0
OSM-S-561,CC(=O)COc1nccn2c(-c3ccc(OC(F)F)cc3)nnc12,25.0,0.041343669250646,0.0
OSM-S-562,CC1(C)OCC(COc2cncc3nnc(-c4ccc(OC(F)F)cc4)n23)(c2ccccc2)O1,0.337,0.8578811369509044,1.0
OSM-S-563,FC(F)Oc1ccc(-c2nnc3c(NCc4ccccc4)nccn23)cc1,20.0,0.14728682170542637,0.0
OSM-S-565,OCC(COc1cncc2nnc(-c3ccc(OC(F)F)cc3)n12)c1ccccc1OCc1ccccc1,25.0,0.04392764857881137,0.0
OSM-S-566,FC(F)Oc1ccc(-c2nnc3cncc(OCCc4ccc(OCc5ccccc5)cc4)n23)cc1,3.849,0.537467700258398,0.0
OSM-S-567,FC(F)Oc1ccc(-c2nnc3cncc(OCCc4cccc(OCc5ccccc5)c4)n23)cc1,0.147,0.9405684754521964,1.0
OSM-S-568,CN(C)c1ccc(C(O)(CO)COc2cncc3nnc(-c4ccc(OC(F)F)cc4)n23)cc1,25.0,0.046511627906976744,0.0
OSM-S-569,FC(F)Oc1ccc(-c2nnc3c(NCCc4ccccc4)nccn23)cc1,25.0,0.04909560723514212,0.0
OSM-S-581,Fc1ccc(CCOc2cncc3nnc(-n4ccnc4)n23)cc1F,25.0,0.05167958656330749,0.0
OSM-S-582,Cn1ccc2ccc(-c3nnc4cncc(OCCc5ccc(F)c(F)c5)n34)cc21,0.375,0.8397932816537468,1.0
OSM-S-583,O=C1Cc2ccc(-c3nnc4cncc(OCCc5ccc(F)c(F)c5)n34)cc2N1,25.0,0.05426356589147287,0.0
OSM-S-584,Fc1ccc(CCOc2cncc3nnc(-c4ccc5c(c4)NCC5)n23)cc1F,1.01,0.7028423772609819,1.0
OSM-S-585,Nc1cc(-c2nnc3cncc(OCCc4ccc(F)c(F)c4)n23)ccc1F,0.813,0.7312661498708011,1.0
OSM-S-570,FC(F)Oc1ccc(-c2nnc3c(SCc4ccccc4)nccn23)cc1,5.62,0.4806201550387597,0.0
OSM-S-571,FC(F)Oc1ccc(-c2nnc3cncc(SCCc4ccccc4)n23)cc1,1.05,0.6976744186046512,1.0
OSM-S-572,CC(C)(C)OC(=O)N1CCC(c2nnc3cncc(OCCc4ccccc4)n23)CC1,14.5,0.17054263565891473,0.0
OSM-S-573,c1ccc(CCOc2cncc3nnc(C4CCOCC4)n23)cc1,25.0,0.056847545219638244,0.0
OSM-S-574,CC(C)(C)OC(=O)N1CCC(c2nnc3cncc(OCCc4ccccc4)n23)C1,25.0,0.059431524547803614,0.0
OSM-S-575,c1ccc(CCOc2cncc3nnc(C4CCOC4)n23)cc1,25.0,0.06201550387596899,0.0
OSM-S-576,c1ccc(CCOc2cncc3nnc(C4CCNCC4)n23)cc1,25.0,0.06459948320413436,0.0
OSM-S-577,c1ccc(CCOc2cncc3nnc(C4CCNC4)n23)cc1,25.0,0.06718346253229975,0.0
OSM-S-564,FC(OC1=CC=C(C2=NN=C3C=NC=C(N32)OCC[C]4BB[CH]BBBBBBBB4)C=C1)F,0.117,0.9560723514211886,1.0
OSM-S-578,FC(F)Oc1ccc(-c2nnc3cncc(OCCCc4ccccc4)n23)cc1,1.32,0.6666666666666666,1.0
OSM-S-579,FC(F)Oc1ccc(-c2nnc3cncc(Oc4ccccc4)n23)cc1,25.0,0.06976744186046512,0.0
OSM-S-580,FC(F)Oc1ccc(-c2nnc3cncc(OCCOc4ccccc4)n23)cc1,1.21,0.6770025839793282,1.0
OSM-S-591,COc1ccc(CCNc2cncc3nnc(-c4ccc(OC(F)F)cc4)n23)cc1OC,25.0,0.07235142118863049,0.0
OSM-S-589,OC(CNc1cncc2nnc(-c3ccc(OC(F)F)cc3)n12)c1ccccc1,25.0,0.07493540051679587,0.0
OSM-S-588,OC(CNc1cncc2nnc(-c3ccc(OC(F)F)cc3)n12)c1ccccc1,25.0,0.07751937984496124,0.0
OSM-S-638,FC(F)Oc1ccc(-c2nnc3cncc(NCc4ccccc4)n23)cc1,25.0,0.08010335917312661,0.0
OSM-S-631,COc1ccc(-c2nnc(-c3nccn3CCc3ccccc3)[nH]2)cc1,25.0,0.082687338501292,0.0
OSM-S-637,Nc1ccc(C(CO)COc2cncc3nnc(-c4ccc(OC(F)F)cc4)n23)cc1,17.04,0.15503875968992248,0.0
OSM-S-539,CNc1ccc(C(CO)COc2cncc3nnc(-c4ccc(OC(F)F)cc4)n23)cc1,11.52,0.18087855297157623,0.0
OSM-S-608,FC(F)Oc1ccc(-c2nnc3cncc(OCCc4cccs4)n23)cc1,0.282,0.8888888888888888,1.0
OSM-S-607,CC(COc1cncc2nnc(-c3ccc(OC(F)F)cc3)n12)c1ccccc1,0.627,0.7596899224806202,1.0
OSM-S-635,Fc1ccc(CCOc2cncc3nnc(OCc4cccnc4)n23)cc1F,25.0,0.08527131782945736,0.0
OSM-S-586,Fc1ccc(CCOc2cncc3nnc(-c4ccc5nc[nH]c5c4)n23)cc1F,25.0,0.08785529715762273,0.0
OSM-S-636,Fc1ccc(CCOc2cncc3nnc(-c4ccc5nc[nH]c5c4)n23)cc1F,25.0,0.09043927648578812,0.0
OSM-S-623,COc1ccc(-c2nnc3cncc(OCCc4ccccc4)n23)cc1,1.827,0.6227390180878553,1.0
OSM-S-624,O=[N+]([O-])c1ccc(-c2nnc3cncc(OCCc4ccccc4)n23)cc1,1.693,0.6304909560723514,1.0
OSM-S-626,COc1ccc(-c2nnc3cncc(SCCc4ccccc4)n23)cc1,25.0,0.09302325581395349,0.0
OSM-S-609,OCC(CO)(COc1cncc2nnc(-c3ccc(OC(F)F)cc3)n12)c1ccccc1,6.132,0.4728682170542636,0.0
OSM-S-621,c1ccc(CCOc2nccn3c(-c4ccccc4)nnc23)cc1,8.73,0.43410852713178294,0.0
OSM-S-622,COc1ccc(-c2nnc3c(OCCc4ccccc4)nccn23)cc1,25.0,0.09560723514211886,0.0
OSM-S-625,O=[N+]([O-])c1ccc(-c2nnc3c(OCCc4ccccc4)nccn23)cc1,25.0,0.09819121447028424,0.0
OSM-S-627,COc1ccc(-c2nnc3c(SCCc4ccccc4)nccn23)cc1,25.0,0.10077519379844961,0.0
OSM-S-628,c1ccc(CCSc2nccn3c(-c4ccccc4)nnc23)cc1,3.082,0.5555555555555556,0.0
OSM-S-629,O=[N+]([O-])c1ccc(-c2nnc3c(SCCc4ccccc4)nccn23)cc1,25.0,0.10335917312661498,0.0
OSM-S-630,c1ccc(CCNc2nccn3c(-c4ccccc4)nnc23)cc1,25.0,0.10594315245478036,0.0
OSM-S-632,COc1ccc(-c2nnc3c(NCCc4ccccc4)nccn23)cc1,25.0,0.10852713178294573,0.0
OSM-S-633,O=[N+]([O-])c1ccc(-c2nnc3c(NCCc4ccccc4)nccn23)cc1,25.0,0.1111111111111111,0.0
OSM-S-639,OCC(COc1cncc2nnc(-c3ccc(OC(F)F)cc3)n12)(COc1cncc2nnc(-c3ccc(OC(F)F)cc3)n12)c1ccccc1,25.0,0.11369509043927649,0.0
OSM-LO-2,OCC(COc1cncc2nnc(-c3ccc(OC(F)F)cc3)n12)c1ccccc1F,0.159,0.9302325581395349,1.0
OSM-LO-4,COc1ccccc1C(CO)COc1cncc2nnc(-c3ccc(OC(F)F)cc3)n12,0.304,0.8733850129198967,1.0
OSM-LO-5,COc1cccc(C(CO)COc2cncc3nnc(-c4ccc(OC(F)F)cc4)n23)c1,0.124,0.9483204134366925,1.0
OSM-LO-6,OCC(COc1cncc2nnc(-c3ccc(OC(F)F)cc3)n12)c1cccc(C(F)(F)F)c1,0.094,0.9741602067183462,1.0
OSM-LO-7,OCC(COc1cncc2nnc(-c3ccc(OC(F)F)cc3)n12)c1c(F)cc(F)cc1F,0.89,0.7183462532299741,1.0
OSM-LO-8,OCC(COc1cncc2nnc(-c3ccc(OC(F)F)cc3)n12)c1cc(F)c(F)cc1F,0.19,0.9198966408268734,1.0
OSM-LO-9,OCC(COc1nccn2c(-c3ccc(OC(F)F)cc3)nnc12)c1cc(F)c(F)cc1F,9.69,0.4186046511627907,0.0
OSM-LO-10,COc1ccc(C(CO)COc2cncc3nnc(-c4ccc(OC(F)F)cc4)n23)cc1,0.722,0.7416020671834626,1.0
OSM-LO-11,O=C(O)C(COc1cncc2nnc(-c3ccc(OC(F)F)cc3)n12)c1c(F)cc(F)cc1F,25.0,0.11627906976744186,0.0
OSM-LO-12,COc1ccc(C(COc2cncc3nnc(-c4ccc(OC(F)F)cc4)n23)C(=O)O)cc1,9.94,0.4108527131782946,0.0
OSM-S-690,FC(F)Oc1ccc(-c2nnc3cncc(OCC45CC(C(F)F)(C4)C5)n23)cc1,2.63,0.5736434108527132,0.0
OSM-LO-14,OCC(COc1nccn2c(-c3ccc(OC(F)F)cc3)nnc12)c1ccccc1,9.538,0.4263565891472868,0.0
OSM-S-666,Cc1ccc(-c2nnc3cncc(OCCc4ccccc4)n23)cc1,1.06,0.6873385012919897,1.0
OSM-S-670,COc1ccccc1-c1nnc2cncc(OCCc3ccccc3)n12,4.57,0.5167958656330749,0.0
OSM-S-668,c1ccc(CCOc2cncc3nnc(-c4ccc5c(c4)CCO5)n23)cc1,4.23,0.5193798449612403,0.0
OSM-S-669,c1ccc(CCOc2nccn3c(-c4ccc5c(c4)CCO5)nnc23)cc1,25.0,0.11886304909560723,0.0
OSM-S-672,CCOc1ccccc1-c1nnc2cncc(OCCc3ccccc3)n12,16.17,0.165374677002584,0.0
OSM-S-673,CCOc1ccccc1-c1nnc2c(OCCc3ccccc3)nccn12,7.81,0.45478036175710596,0.0
OSM-S-675,COc1cc(-c2nnc3cncc(OCCc4ccccc4)n23)cc(OC)c1OC,25.0,0.12144702842377261,0.0
OSM-S-676,COc1cc(-c2nnc3c(OCCc4ccccc4)nccn23)cc(OC)c1OC,17.02,0.15762273901808785,0.0
OSM-S-651,CC1(C)OCC(COc2cncc3nnc(-c4ccc(OC(F)F)cc4)n23)(c2ccccc2)CO1,0.367,0.8449612403100775,1.0
OSM-S-662,Fc1ccc(CCOc2cncc3nnc(-c4cccc5c4OCO5)n23)cc1F,1.71,0.627906976744186,1.0
OSM-S-693,c1ccc(CCOc2cncc3nnc(-c4cccc5c4OCO5)n23)cc1,14.25,0.1731266149870801,0.0
OSM-S-687,COc1cccc(OC)c1-c1nnc2cncc(OCCc3ccccc3)n12,25.0,0.12403100775193798,0.0
OSM-S-694,COc1cccc(OC)c1-c1nnc2c(O)nccn12,25.0,0.12661498708010335,0.0
OSM-S-689,COc1cc(OC)c(-c2nnc3cncc(OCCc4ccccc4)n23)c(OC)c1,25.0,0.12919896640826872,0.0
OSM-S-678,O=[N+]([O-])c1ccccc1-c1nnc2cncc(OCCc3ccccc3)n12,25.0,0.13178294573643412,0.0
OSM-S-683,CC(C)(C)c1ccc(-c2nnc3cncc(OCCc4ccccc4)n23)cc1,10.13,0.18863049095607234,0.0
OSM-S-685,CC(C)(C)c1cc(-c2nnc3cncc(OCCc4ccccc4)n23)cc(C(C)(C)C)c1,1.25,0.6718346253229974,1.0
OSM-S-691,c1ccc(CCOc2nccn3c(-c4c5ccccc5cc5ccccc45)nnc23)cc1,9.94,0.4134366925064599,0.0
OSM-S-680,c1ccc(CCOc2cncc3nnc(-c4c5ccccc5cc5ccccc45)n23)cc1,14.55,0.16795865633074936,0.0
OSM-S-692,COc1cc(OC)c(-c2nnc3c(O)nccn23)c(OC)c1,25.0,0.1343669250645995,0.0
OSM-LO-15,FC(F)Oc1ccc(-c2nnc3cncc(OCCC45CC(C4)C5)n23)cc1,1.34,0.661498708010336,1.0
OSM-LO-16,CC(C)(C)Oc1ccc(-c2nnc3cncc(OCC(O)c4ccc(F)c(F)c4)n23)cc1,0.46,0.8062015503875969,1.0
OSM-LO-17,Cc1ccc(COc2cncc3nnc(-c4ccc(C(C)C)cc4)n23)cn1,25.0,0.13695090439276486,0.0
OSM-LO-18,NCc1cccc(CCOc2cncc3nnc(-c4ccc(Cl)cc4)n23)c1,10.94,0.18604651162790697,0.0
OSM-LO-19,CC(O)COc1cncc2nnc(-c3ccc(OC(F)F)cc3)n12,25.0,0.13953488372093023,0.0
OSM-LO-20,FC(F)OC(C=C1)=CC=C1C2=NN=C3C=NC=C(OCCCCCO)N32,13.76,0.17571059431524547,0.0
OSM-LO-48,Nc1cccc(CCOc2cncc3nnc(-c4ccc(Cl)cc4)n23)c1,2.42,0.5891472868217055,1.0
OSM-LO-49,FC(F)Oc1ccc(-c2nnc3cncc(OCCc4ccco4)n23)cc1,1.24,0.6744186046511628,1.0
OSM-S-272,Fc1ccc(CCOc2cncc3nnc(-c4ccc(Cl)cc4)n23)cc1F,0.0767666666666666,0.9767441860465116,1.0
OSM-S-293,Clc1ccc(-c2nnc3cncc(OCCc4ccccc4)n23)cc1,0.1198,0.9534883720930233,1.0
OSM-X-054,[O-][n+]1cc(OCCc2ccc(F)c(F)c2)n2c(-c3ccc(OC(F)F)cc3)nnc2c1,4.01,0.5297157622739018,0.0
OSM-X-007,Fc1ccc(CCOc2cnc(Cl)c3nnc(-c4ccc(OC(F)F)cc4)n23)cc1F,0.16,0.9276485788113695,1.0
OSM-X-084,OCCc1cncc2nnc(-c3ccc(OC(F)F)cc3)n12,10.0,0.26098191214470284,0.0
OSM-X-064,OCCC1CNCc2nnc(-c3ccc(OC(F)F)cc3)n21,8.37,0.4444444444444444,0.0
OSM-X-019,Fc1ccc(N2CC(Oc3cncc4nnc(-c5ccc(OC(F)F)cc5)n34)C2)cc1F,0.43,0.8242894056847545,1.0
OSM-X-045,FC(F)Oc1ccc(-c2nnc3cncc(N4CCC(c5ccccc5)C4)n23)cc1,2.0,0.6098191214470284,1.0
OSM-S-176,O=C(NCc1cccc(Cl)c1)c1cncc2nnc(-c3ccc(OC(F)F)cc3)n12,0.25,0.9095607235142119,1.0
OSM-X-091,Fc1ccc(CCOc2cncc3nnc(C4CCOCC4)n23)cc1F,10.0,0.26356589147286824,0.0
OSM-X-079,FC(F)Oc1ccc(-c2nnc3n2CCNC3)cc1,10.0,0.2661498708010336,0.0
OSM-X-090,CC(=O)N1CCC(c2nnc3cncc(OCCc4ccc(F)c(F)c4)n23)CC1,10.0,0.268733850129199,0.0
OSM-X-077,NCC(=O)N1CCn2c(nnc2-c2ccc(OC(F)F)cc2)C1,10.0,0.2713178294573643,0.0
OSM-S-177,O=C(c1cncc2nnc(-c3ccc(OC(F)F)cc3)n12)N1Cc2ccccc2C1,10.0,0.2739018087855297,0.0
OSM-S-178,O=C(NCc1ccc(Cl)cc1)c1cncc2nnc(-c3ccc(OC(F)F)cc3)n12,1.34,0.6640826873385013,1.0
OSM-X-017,O=C(NCc1ccccc1Cl)c1cncc2nnc(-c3ccc(OC(F)F)cc3)n12,0.38,0.8372093023255814,1.0
OSM-S-179,O=C(NCC1CCOCC1)c1cncc2nnc(-c3ccc(OC(F)F)cc3)n12,10.0,0.27648578811369506,0.0
OSM-X-035,Fc1ccc(CCOc2cncc3nnc(Nc4ccc(F)c(F)c4)n23)cc1F,0.85,0.7235142118863049,1.0
OSM-X-056,Fc1ccc(OC2CN(c3cncc4nnc(-c5ccc(OC(F)F)cc5)n34)C2)cc1F,4.96,0.5038759689922481,0.0
OSM-X-049,Fc1ccc(CCOc2cncc3nnc(N4CCCCC4)n23)cc1F,2.63,0.5762273901808785,0.0
OSM-S-180,O=C(c1cncc2nnc(-c3ccc(OC(F)F)cc3)n12)N1CCN(c2ccccn2)CC1,10.0,0.27906976744186046,0.0
OSM-S-181,O=C(NCCN1CCOCC1)c1cncc2nnc(-c3ccc(OC(F)F)cc3)n12,10.0,0.28165374677002586,0.0
OSM-S-185,O=C(c1cncc2nnc(-c3ccc(OC(F)F)cc3)n12)N1CCOCC1,10.0,0.2842377260981912,0.0
OSM-X-094,CC(NC(=O)c1cncc2nnc(-c3ccc(OC(F)F)cc3)n12)c1ccccc1,1.6,0.6434108527131783,1.0
OSM-S-182,O=C(c1cncc2nnc(-c3ccc(OC(F)F)cc3)n12)N1CCCC1,10.0,0.2868217054263566,0.0
OSM-S-184,CS(=O)(=O)N1CCN(C(=O)c2cncc3nnc(-c4ccc(OC(F)F)cc4)n23)CC1,10.0,0.28940568475452194,0.0
OSM-S-186,CC(NC(=O)c1cncc2nnc(-c3ccc(OC(F)F)cc3)n12)c1ccccc1,1.36,0.6589147286821705,1.0
OSM-X-055,O=c1[nH]cc(OCCc2ccc(F)c(F)c2)n2c(-c3ccc(OC(F)F)cc3)nnc12,4.13,0.5219638242894057,0.0
OSM-X-082,O=C(Nc1ccccn1)c1cncc2nnc(-c3ccc(OC(F)F)cc3)n12,10.0,0.29198966408268734,0.0
OSM-X-051,O=C(NCCc1ccccc1)c1cncc2nnc(-c3ccc(OC(F)F)cc3)n12,3.17,0.5529715762273901,0.0
OSM-X-021,Fc1ccc(CCOc2cncc3nnc(N4Cc5ccccc5C4)n23)cc1F,0.47,0.8036175710594315,1.0
OSM-X-062,CCN(CC)c1ncc(OCCc2ccc(F)c(F)c2)n2c(-c3ccc(OC(F)F)cc3)nnc12,6.86,0.46511627906976744,0.0
OSM-X-092,O=S(=O)(Cc1ccc(C(F)(F)F)cc1)Nc1cncc2nnc(-c3ccc(OC(F)F)cc3)n12,10.0,0.29457364341085274,0.0
OSM-S-183,O=C(c1cncc2nnc(-c3ccc(OC(F)F)cc3)n12)N1CCCC1c1ccccc1,3.56,0.5452196382428941,0.0
OSM-X-036,CN(Cc1cccc(Cl)c1)C(=O)c1cncc2nnc(-c3ccc(OC(F)F)cc3)n12,1.06,0.689922480620155,1.0
OSM-X-011,FC(F)Oc1ccc(-c2nnc3cncc(CCCc4ccccc4)n23)cc1,0.28,0.8940568475452196,1.0
OSM-X-072,FC(F)Oc1ccc(-c2nnc3cncc(CCN4CCOCC4)n23)cc1,10.0,0.2971576227390181,0.0
OSM-X-065,FC(F)Oc1ccc(-c2nnc3n2C(CCCc2ccccc2)CNC3)cc1,8.76,0.4315245478036176,0.0
OSM-X-078,Nc1ncc(OCCc2ccc(F)c(F)c2)n2c(-c3ccc(OC(F)F)cc3)nnc12,10.0,0.2997416020671835,0.0
OSM-X-083,FC(F)Oc1ccc(-c2nnc3cncc(CCN4Cc5ccccc5C4)n23)cc1,10.0,0.3023255813953488,0.0
OSM-X-093,FC(F)Oc1ccc(-c2nnc3cncc(N4CC(c5ccccc5)C4)n23)cc1,10.0,0.3049095607235142,0.0
OSM-X-016,Fc1ccc(COCc2cncc3nnc(-c4ccc(OC(F)F)cc4)n23)cc1F,0.36,0.8501291989664083,1.0
OSM-X-063,Cc1ncc(OCCc2ccc(F)c(F)c2)n2c(-c3ccc(OC(F)F)cc3)nnc12,6.92,0.4625322997416021,0.0
OSM-X-012,O=C(NCc1ccc(F)c(F)c1)c1cncc2nnc(-c3ccc(OC(F)F)cc3)n12,0.28,0.896640826873385,1.0
OSM-X-069,O=C(NCc1cncc2nnc(-c3ccc(OC(F)F)cc3)n12)c1cccc(Cl)c1,10.0,0.30749354005167956,0.0
OSM-S-516,FC(F)Oc1ccc(-c2nnc3cncc(Oc4ccc(Cl)cc4)n23)cc1,4.075,0.5271317829457365,0.0
OSM-S-218,COC(COc1cncc2nnc(-c3ccc(C#N)cc3)n12)c1ccc(F)c(F)c1,0.4386666666666666,0.8165374677002584,1.0
OSM-X-053,O=C(Nc1ccc(F)cc1)c1cncc2nnc(-c3ccc(OC(F)F)cc3)n12,3.74,0.5400516795865633,0.0
OSM-X-031,O=C(Nc1ccc(F)c(F)c1)c1cncc2nnc(-c3ccc(OC(F)F)cc3)n12,0.65,0.7571059431524548,1.0
OSM-X-014,Fc1ccc(CCCc2cncc3nnc(-c4ccc(OC(F)F)cc4)n23)cc1F,0.32,0.8630490956072352,1.0
OSM-S-367,O=C(Nc1ccc(Cl)cc1)c1cncc2nnc(-c3ccc(OC(F)F)cc3)n12,7.3955,0.4573643410852713,0.0
OSM-X-047,Fc1ccc2c(c1)CCN2c1nnc2cncc(OCCc3ccc(F)c(F)c3)n12,2.05,0.6046511627906976,1.0
OSM-X-002,CN(C)C(COc1cncc2nnc(-c3ccc(OC(F)F)cc3)n12)c1ccc(F)c(F)c1,0.04408,0.9922480620155039,1.0
OSM-X-022,Fc1ccc(C2(COc3cncc4nnc(-c5ccc(OC(F)F)cc5)n34)COC2)cc1F,0.4833,0.7958656330749354,1.0
OSM-S-377,N#Cc1ccc(-c2nnc3cncc(OCC(OC(F)F)c4ccc(F)c(F)c4)n23)cc1,0.01668,1.0,1.0
OSM-X-005,FC(F)Oc1ccc(-c2nnc3cncc(Oc4ccc5ccccc5c4)n23)cc1,0.1147,0.958656330749354,1.0
OSM-X-089,FC(F)Oc1ccc(-c2nnc3cncc(OCC(F)(F)F)n23)cc1,10.0,0.31007751937984496,0.0
OSM-X-067,CNC(COc1cncc2nnc(-c3ccc(OC(F)F)cc3)n12)c1ccc(F)c(F)c1,10.0,0.31266149870801035,0.0
OSM-X-018,FC(F)Oc1ccc(-c2nnc3cncc(Oc4ccc(C(F)(F)F)cc4)n23)cc1,0.3829,0.8320413436692506,1.0
OSM-X-020,FC(F)Oc1ccc(-c2nnc3cncc(Oc4ccc(Cl)c(Cl)c4)n23)cc1,0.4551,0.8087855297157622,1.0
OSM-S-379,O=C(Nc1ccc(F)c(Cl)c1)c1cncc2nnc(-c3ccc(OC(F)F)cc3)n12,0.2945,0.8811369509043928,1.0
OSM-X-080,O=C(c1cncc2nnc(-c3ccc(OC(F)F)cc3)n12)N1CCc2cc(F)ccc21,10.0,0.3152454780361757,0.0
OSM-X-066,FC(F)Oc1ccc(-c2nnc3cncc(Nc4ccc(Cl)c(Cl)c4)n23)cc1,9.635,0.42118863049095606,0.0
OSM-X-050,FC(F)Oc1ccc(-c2nnc3cncc(Oc4cccc(Cl)c4)n23)cc1,3.066,0.5581395348837209,0.0
OSM-S-175,O=C(Nc1ccnc(C(F)(F)F)c1)c1cncc2nnc(-c3ccc(OC(F)F)cc3)n12,0.2957,0.8785529715762274,1.0
OSM-X-001,Fc1ccc(CCOc2cn3c(-c4ccc(OC(F)F)cc4)nnc3cn2)cc1F,0.03382,0.9948320413436692,1.0
OSM-X-024,Fc1ccc(COc2cn3c(-c4ccc(OC(F)F)cc4)nnc3cn2)cc1F,0.5207,0.7906976744186046,1.0
OSM-S-381,OCC(COc1cncc2nnc(-c3ccc(OC(F)F)cc3)n12)c1ccc(F)c(F)c1,0.02432,0.9974160206718347,1.0
OSM-X-075,Fc1ccc(CNc2cn3c(-c4ccc(OC(F)F)cc4)nnc3cn2)cc1F,10.0,0.3178294573643411,0.0
OSM-X-030,Fc1ccc(C(COc2cncc3nnc(-c4ccc(OC(F)F)cc4)n23)N2CCOCC2)cc1F,0.6133,0.7648578811369509,1.0
OSM-X-033,CC(C)(C)c1ccc(Oc2cncc3nnc(-c4ccc(OC(F)F)cc4)n23)cc1,0.738,0.7364341085271318,1.0
OSM-X-048,FC(F)Oc1ccc(-c2nnc3cncc(Oc4ccc5c(c4)CCCC5)n23)cc1,2.581,0.5788113695090439,0.0
OSM-X-028,FC(F)Oc1ccc(-c2nnc3cncc(Oc4ccc(Cl)c(C(F)(F)F)c4)n23)cc1,0.5973,0.7700258397932817,1.0
OSM-X-010,NC(COc1cncc2nnc(-c3ccc(OC(F)F)cc3)n12)c1ccc(F)c(F)c1,0.2785,0.9018087855297158,1.0
OSM-X-026,OCC(Nc1cncc2nnc(-c3ccc(OC(F)F)cc3)n12)c1ccc(F)c(F)c1,0.5697,0.7777777777777778,1.0
OSM-X-060,Fc1ccc(-c2cnn(-c3cncc4nnc(-c5ccc(OC(F)F)cc5)n34)c2)cc1F,6.721,0.46770025839793283,0.0
OSM-X-057,O=C(Nc1ccc(F)cc1Cl)c1cncc2nnc(-c3ccc(OC(F)F)cc3)n12,5.576,0.48320413436692505,0.0
OSM-X-074,Fc1ccc(Nc2cn3c(-c4ccc(OC(F)F)cc4)nnc3cn2)cc1F,10.0,0.32041343669250644,0.0
OSM-X-015,O=C(NCc1cc(Cl)ccc1Cl)c1cncc2nnc(-c3ccc(OC(F)F)cc3)n12,0.3321,0.8604651162790697,1.0
OSM-X-013,O=C(NCc1cccc(C(F)(F)F)c1Cl)c1cncc2nnc(-c3ccc(OC(F)F)cc3)n12,0.309,0.8708010335917312,1.0
OSM-X-085,Fc1ccc(Cc2nccn2-c2cncc3nnc(-c4ccc(OC(F)F)cc4)n23)cc1F,10.0,0.32299741602067183,0.0
OSM-X-088,Cc1nn(-c2ccc(F)cc2)c(C)c1-c1nnc2cncc(OCC(F)(F)F)n12,10.0,0.32558139534883723,0.0
OSM-X-009,FC(F)Oc1ccc(-c2nnc3cncc(Oc4ccc(S(F)(F)(F)(F)F)cc4)n23)cc1,0.2627,0.9043927648578811,1.0
OSM-X-052,Fc1ccc(Oc2cn3c(-c4ccc(OC(F)F)cc4)nnc3cn2)cc1F,3.446,0.5478036175710594,0.0
OSM-X-076,Fc1ccc(CCNc2cn3c(-c4ccc(OC(F)F)cc4)nnc3cn2)cc1,10.0,0.3281653746770026,0.0
OSM-X-086,Cc1nn(-c2ccc(F)cc2)c(C)c1-c1nnc2cncc(Oc3ccc(Cl)c(Cl)c3)n12,10.0,0.330749354005168,0.0
OSM-X-029,Fc1ccc(C2C(Oc3cncc4nnc(-c5ccc(OC(F)F)cc5)n34)CN2C2CC2)cc1F,0.6095,0.7674418604651163,1.0
OSM-X-037,O=C1C(Oc2cncc3nnc(-c4ccc(OC(F)F)cc4)n23)C(c2ccc(F)c(F)c2)N1C1CC1,1.121,0.6821705426356589,1.0
OSM-X-044,Cn1ccc2cc(Oc3cncc4nnc(-c5ccc(OC(F)F)cc5)n34)ccc21,1.983,0.6175710594315246,1.0
OSM-X-068,O=C1C(Oc2cn3c(-c4ccc(OC(F)F)cc4)nnc3cn2)C(c2ccc(F)c(F)c2)N1C1CC1,10.0,0.3333333333333333,0.0
OSM-X-039,FC(F)Oc1ccc(-c2nnc3cncc(Oc4ccc5ccc(C(F)(F)F)nc5c4)n23)cc1,1.629,0.6408268733850129,1.0
OSM-X-043,Cc1noc2cc(Oc3cncc4nnc(-c5ccc(OC(F)F)cc5)n34)ccc12,1.928,0.6201550387596899,1.0
OSM-X-042,CC1=CC(C)(C)Oc2cc(Oc3cncc4nnc(-c5ccc(OC(F)F)cc5)n34)ccc21,1.822,0.6253229974160207,1.0
OSM-X-087,Cn1ncc2ccc(Oc3cncc4nnc(-c5ccc(OC(F)F)cc5)n34)cc21,10.0,0.3359173126614987,0.0
OSM-X-025,O=C(NC1CCc2cc(Cl)ccc21)c1cncc2nnc(-c3ccc(OC(F)F)cc3)n12,0.5468,0.7829457364341085,1.0
OSM-X-081,Cc1nn(-c2ccc(F)cc2)c(C)c1-c1nnc2cncc(C(=O)Nc3ccnc(C(F)(F)F)c3)n12,10.0,0.3385012919896641,0.0
OSM-X-070,Fc1ccc(C2(C(Oc3cncc4nnc(-c5ccc(OC(F)F)cc5)n34)C(F)(F)F)CC2)cc1F,10.0,0.34108527131782945,0.0
OSM-X-059,Cn1cc2ccc(Oc3cncc4nnc(-c5ccc(OC(F)F)cc5)n34)cc2n1,6.203,0.4702842377260982,0.0
OSM-S-390,OC(COc1cncc2nnc(-c3ccc(OC(F)F)cc3)n12)c1ccc(F)c(F)c1,0.099,0.9715762273901809,1.0
OSM-X-040,FC(F)Oc1ccc(-c2nnc3cncc(OCc4cccc5ccccc45)n23)cc1,1.668,0.6356589147286822,1.0
OSM-X-032,Fc1ccc(C2C(Oc3cncc4nnc(-c5ccc(OC(F)F)cc5)n34)CN2C2CC2)cc1F,0.7308,0.7390180878552972,1.0
OSM-X-004,CC(O)(COc1cncc2nnc(-c3ccc(OC(F)F)cc3)n12)c1ccc(F)c(F)c1,0.1012,0.9689922480620154,1.0
OSM-X-058,FC(F)Oc1ccc(-c2nnc3cncc(Oc4cccc(Oc5ccccn5)c4)n23)cc1,6.038,0.4754521963824289,0.0
OSM-X-038,FC(F)Oc1ccc(-c2nnc3cncc(OCC4CCc5cc(Cl)ccc54)n23)cc1,1.459,0.6537467700258398,1.0
OSM-X-006,CC(F)(COc1cncc2nnc(-c3ccc(OC(F)F)cc3)n12)c1ccc(F)c(F)c1,0.1228,0.9509043927648578,1.0
OSM-X-046,FC(F)Oc1ccc(-c2nnc3cncc(Oc4ccc5nc(C(F)(F)F)ncc5c4)n23)cc1,2.025,0.6072351421188631,1.0
OSM-X-003,Fc1ccc(C(F)COc2cncc3nnc(-c4ccc(OC(F)F)cc4)n23)cc1F,0.06536,0.9819121447028424,1.0
OSM-X-027,FC(F)Oc1ccc(-c2nnc3cncc(Oc4ccc5ccsc5c4)n23)cc1,0.5764,0.7751937984496124,1.0
OSM-X-034,Fc1cc2ccc(Oc3cncc4nnc(-c5ccc(OC(F)F)cc5)n34)cc2cc1F,0.8392,0.7260981912144703,1.0
OSM-X-008,Fc1cc(F)c2ccc(Oc3cncc4nnc(-c5ccc(OC(F)F)cc5)n34)cc2c1,0.1734,0.9250645994832042,1.0
OSM-X-041,COc1ccc2ccc(Oc3cncc4nnc(-c5ccc(OC(F)F)cc5)n34)cc2n1,1.67,0.6330749354005168,1.0
OSM-X-073,O=C(Cc1cccc(Cl)c1)Nc1cn2c(-c3ccc(OC(F)F)cc3)nnc2cn1,10.0,0.34366925064599485,0.0
OSM-S-204,O=C(Nc1cccc(Cl)c1F)c1cncc2nnc(-c3ccc(OC(F)F)cc3)n12,0.852,0.7209302325581395,1.0
OSM-S-254,Cc1ccc(Cl)cc1NC(=O)c1cncc2nnc(-c3ccc(OC(F)F)cc3)n12,0.6785,0.751937984496124,1.0
OSM-S-265,COC(COc1cncc2nnc(-c3ccc(C#N)cc3)n12)c1ccccc1,0.285,0.8863049095607235,1.0
OSM-S-258,Clc1ccccc1CCOc1cncc2nnc(-c3ccncc3)n12,10.0,0.3462532299741602,0.0
OSM-S-255,COc1ccc(-c2nnc3cncc(C(=O)Nc4cccc(Cl)c4C)n23)cc1,10.0,0.3488372093023256,0.0
OSM-S-256,COc1ccc(-c2nnc3cncc(C(=O)Nc4cccc(Cl)c4F)n23)cc1,5.66,0.4780361757105943,0.0
OSM-S-257,COc1ccc(-c2nnc3cncc(C(=O)Nc4cc(Cl)ccc4C)n23)cc1,1.06,0.6925064599483204,1.0
OSM-S-259,Fc1ccc(COc2cncc3nnc(-c4ccc(Cl)cc4)n23)cc1F,0.452,0.8113695090439277,1.0
OSM-S-260,Fc1ccc(CCOc2cncc3nnc(-c4ccc(OC(F)F)cc4)n23)cc1F,0.281,0.8914728682170543,1.0
OSM-S-262,O=C(Nc1cccc(Cl)c1)c1cncc2nnc(-c3ccccn3)n12,10.0,0.35142118863049093,0.0
OSM-S-263,O=C(Nc1cccc(Cl)c1)c1cncc2nnc(-c3cccnc3)n12,10.0,0.35400516795865633,0.0
OSM-S-271,O=C(Nc1cccc(Cl)c1)c1cncc2nnc(-c3ccc(OC(F)(F)F)cc3)n12,0.234,0.9121447028423773,1.0
OSM-S-275,OC(COc1cncc2nnc(C3CCCCC3)n12)c1ccccc1,5.0,0.4909560723514212,0.0
OSM-S-276,CCc1nnc2cncc(OCC(O)c3ccccc3)n12,10.0,0.35658914728682173,0.0
OSM-S-277,OC(COc1cncc2nnc(-c3ccccc3)n12)c1ccccc1,5.0,0.4935400516795866,0.0
OSM-S-278,OC(COc1cncc2nnc(-c3ccc(C(F)(F)F)nc3)n12)c1ccccc1,3.998,0.5322997416020672,0.0
OSM-S-279,OC(COc1cncc2nnc(-c3ccc(OC(F)F)cc3)n12)c1ccccc1,0.2976666666666667,0.875968992248062,1.0
OSM-S-280,COc1cncc2nnc(-c3ccc(OC(F)F)cc3)n12,10.0,0.35917312661498707,0.0
OSM-S-281,CNC(COc1cncc2nnc(-c3ccc(OC(F)F)cc3)n12)c1ccccc1,10.0,0.36175710594315247,0.0
OSM-S-283,NC(COc1cncc2nnc(-c3ccc(OC(F)F)cc3)n12)c1ccccc1,2.0,0.6124031007751938,1.0
OSM-S-291,Clc1ccccc1-c1nnc2cncc(OCCc3ccccc3)n12,5.0,0.49612403100775193,0.0
OSM-S-292,Clc1cccc(-c2nnc3cncc(OCCc4ccccc4)n23)c1,2.5,0.5839793281653747,1.0
OSM-S-294,c1ccc(CCOc2cncc3nnc(-c4ccccc4)n23)cc1,1.5095,0.6511627906976745,1.0
OSM-S-295,Fc1cc(F)cc(-c2nnc3cncc(OCCc4ccccc4)n23)c1,5.0,0.49870801033591733,0.0
OSM-S-296,c1ccc(CCOc2cncc3nnc(-c4ccc5c(c4)OCO5)n23)cc1,1.014,0.7002583979328165,1.0
OSM-S-297,c1ccc(CCOc2cncc3nnc(-c4ccc5ccccc5c4)n23)cc1,0.415,0.8268733850129198,1.0
OSM-S-298,Fc1cc(F)cc(-c2nnc3cncc(OCc4ccccn4)n23)c1,10.0,0.3643410852713178,0.0
OSM-S-299,c1ccc(COc2cncc3nnc(-c4ccc5c(c4)OCO5)n23)nc1,10.0,0.3669250645994832,0.0
OSM-S-300,c1ccc(COc2cncc3nnc(-c4ccc5ccccc5c4)n23)nc1,10.0,0.3695090439276486,0.0
OSM-S-301,FC(F)Oc1ccc(-c2nnc3cncc(OCc4ccccn4)n23)cc1,5.0,0.5012919896640827,0.0
OSM-S-346,CC(Oc1cncc2nnc(-c3ccc(OC(F)F)cc3)n12)c1ccc(Cl)c(Cl)c1,0.702,0.7467700258397932,1.0
OSM-S-347,FC(F)Oc1ccc(-c2nnc3cncc(OCc4ccc(Cl)c(Cl)c4)n23)cc1,0.529,0.7881136950904393,1.0
OSM-S-348,FC(F)Oc1ccc(-c2nnc3cncc(OCc4ccc(Cl)cc4)n23)cc1,1.636,0.6382428940568475,1.0
OSM-S-349,Fc1ccc(-c2nnc3cncc(OCCc4ccccc4)n23)cc1F,0.582,0.772609819121447,1.0
OSM-S-350,Clc1ccc(-c2nnc3cncc(OCCc4ccccc4)n23)cc1Cl,0.709,0.7441860465116279,1.0
OSM-S-351,Clc1ccc(-c2nnc3cncc(OCCc4ccccc4)n23)c(Cl)c1,0.259,0.9069767441860465,1.0
OSM-S-352,Fc1ccc(-c2nnc3cncc(OCCc4ccccc4)n23)cc1,0.366,0.8475452196382429,1.0
OSM-LO-13,OCC(COc1cncc2nnc(-c3ccc(OC(F)F)cc3)n12)c1ccccc1,0.279,0.8992248062015504,1.0
OSM-S-353,OCC(COc1cncc2nnc(-c3ccc(OC(F)F)cc3)n12)c1ccccc1,0.1035,0.9664082687338501,1.0
OSM-S-359,FC(F)Oc1ccc(-c2nnc3cncc(SCc4ccccc4)n23)cc1,10.0,0.37209302325581395,0.0
OSM-S-360,O=S(Cc1ccccc1)c1cncc2nnc(-c3ccc(OC(F)F)cc3)n12,2.5,0.58656330749354,1.0
OSM-S-361,O=S(=O)(Cc1ccccc1)c1cncc2nnc(-c3ccc(OC(F)F)cc3)n12,10.0,0.37467700258397935,0.0
OSM-S-363,FC(F)Oc1ccc(-c2nnc3c(SCCc4ccccc4)nccn23)cc1,10.0,0.3772609819121447,0.0
OSM-S-362,FC(F)Oc1ccc(-c2nnc3cncc(-n4cc(-c5ccccc5)nn4)n23)cc1,10.0,0.3798449612403101,0.0
OSM-S-365,O=S(=O)(CCc1ccccc1)c1cncc2nnc(-c3ccc(OC(F)F)cc3)n12,10.0,0.38242894056847543,0.0
OSM-S-364,O=S(CCc1ccccc1)c1cncc2nnc(-c3ccc(OC(F)F)cc3)n12,10.0,0.3850129198966408,0.0
OSM-S-368,FC(F)Oc1ccc(-c2nnc3cncc(OCc4ccccc4)n23)cc1,2.239,0.5943152454780362,1.0
OSM-S-369,FC(F)Oc1ccc(-c2nnc3cncc(OCCc4ccccc4)n23)cc1,0.3578,0.8527131782945736,1.0
OSM-S-370,FC(F)Oc1ccc(-c2nnc3cncc(OCCCC45C6C7C8C6C4C8C75)n23)cc1,1.995,0.6149870801033591,1.0
OSM-S-371,FC(F)Oc1ccc(-c2nnc3cncc(OCCC45C6C7C8C6C4C8C75)n23)cc1,0.372,0.8423772609819121,1.0
OSM-S-372,FC(F)Oc1ccc(-c2nnc3cncc(OCc4cn(Cc5ccccc5)nn4)n23)cc1,10.0,0.3875968992248062,0.0
OSM-S-373,FC(F)Oc1ccc(-c2nnc3cncc(OCc4cn(-c5ccccc5)nn4)n23)cc1,10.0,0.39018087855297157,0.0
OSM-S-374,FC(F)Oc1ccc(-c2nnc3cncc(OCc4cn(-c5cncc(Cl)n5)nn4)n23)cc1,10.0,0.39276485788113696,0.0
OSM-S-375,IC12C(C3C1C4C52)C5C34C6=NN=C7C=NC=C(OCCC8=CC(F)=C(F)C=C8)N76,10.0,0.3953488372093023,0.0
OSM-S-388,Oc1nnc2c(N3CCCCC3)nccn12,10.0,0.3979328165374677,0.0
OSM-S-387,Fc1ccc(CCOc2cncc3nncn23)cc1F,10.0,0.4005167958656331,0.0
OSM-S-378,CN(C)C(COc1cncc2nnc(-c3ccc(C#N)cc3)n12)c1ccc(F)c(F)c1,10.0,0.40310077519379844,0.0
OSM-S-376,N#Cc1ccc(-c2nnc3cncc(OCC(O)c4ccc(F)c(F)c4)n23)cc1,0.803,0.7338501291989664,1.0
OSM-S-382,IC12C3C4C5(C3C1C5C24)C6=NN=C7C=NC=C(C(NC8=CC(C(F)(F)F)=NC=C8)=O)N76,10.0,0.40568475452196384,0.0
OSM-S-383,COc1cccc(CCOc2cncc3nnc(-c4ccc(OC(F)F)cc4)n23)c1,0.135,0.9457364341085271,1.0
OSM-S-384,COc1ccc(CCOc2cncc3nnc(-c4ccc(OC(F)F)cc4)n23)cc1,0.928,0.7131782945736435,1.0
OSM-S-385,CC(Oc1cncc2nnc(-c3ccc(OC(F)F)cc3)n12)c1ccc(F)c(F)c1,8.586,0.4392764857881137,0.0
OSM-S-386,CC(Oc1cncc2nnc(-c3ccc(OC(F)F)cc3)n12)c1ccc(C#N)cc1,4.801,0.5090439276485789,0.0
OSM-S-389,CN(C)C(COc1cncc2nnc(-c3ccc(OC(F)F)cc3)n12)c1ccc(F)c(F)c1,0.189,0.9224806201550387,1.0
OSM-E-21,N#Cc1ccc(C=NNc2cccc(C(=O)Nc3ccnc(C(F)(F)F)c3)n2)cc1,50.0,0.00516795865633075,0.0
OSM-E-22,N#Cc1ccc(-c2nnc3cccc(C(=O)Nc4ccnc(C(F)(F)F)c4)n23)cc1,50.0,0.007751937984496124,0.0
OSM-S-187,N#Cc1ccc(-c2nnc3cncc(OCCc4ccccc4)n23)cc1,0.534,0.7855297157622739,1.0
OSM-S-208,COC(COc1cncc2nnc(-c3ccc(C#N)cc3)n12)c1ccc(F)c(F)c1,0.207,0.917312661498708,1.0
OSM-W-10,Fc1ccc(CCOc2cncc3nnc(-c4ccc(Cl)cc4)n23)cc1,0.159,0.9328165374677002,1.0
OSM-W-3,CS(=O)(=O)c1ccc(-c2nnc3cncc(OCCc4ccc(F)cc4)n23)cc1,2.85,0.5658914728682171,0.0
OSM-W-4,Fc1ccc(CCOc2cncc(Nc3nnc(-c4ccccc4)s3)n2)cc1,100.0,0.002583979328165375,0.0
OSM-W-5,CS(=O)(=O)c1ccc(-c2nnc3cncc(OCCc4ccc(F)c(F)c4)n23)cc1,0.698,0.7493540051679587,1.0
OSM-W-6,N#Cc1ccc(-c2nnc3cncc(NC(=O)Cc4ccc(F)c(F)c4)n23)cc1,2.931,0.5633074935400517,0.0
OSM-W-7,N#Cc1ccc(-c2nnc3cncc(NC(=O)CCc4ccc(F)c(F)c4)n23)cc1,10.0,0.4082687338501292,0.0
OSM-W-8,N#Cc1ccc(-c2nnc3cncc(OCCc4ccc(F)cc4)n23)cc1,0.934,0.710594315245478,1.0
OSM-W-9,N#Cc1ccc(-c2nnc3cncc(OCCc4ccc(F)c(F)c4)n23)cc1,0.294,0.8837209302325582,1.0
